"ID","Text","Language","Type","Author Name","Author Username","View Count","Reply Count","Retweet Count","Quote Count","Favorite Count","Bookmark Count","Created At","Tweet URL","Source","Hashtags","URLs","Media Type","Media URLs"
"1844797793925234732","#Day 170🚀 

#DSA =&gt; Factorial Trailing Zeroes
#DEV =&gt; Worked on Medium.
#Explore =&gt; Deep dive into React and Node js Fundamentals. https://t.co/QpXZJdbXWv","en","Tweet","Shubhampawar4841","Shubhampawar484","51","0","0","0","2","0","2024-10-11 23:20:43","https://x.com/Shubhampawar484/status/1844797793925234732","<a href=""https://mobile.twitter.com"" rel=""nofollow"">Twitter Web App</a>","#Day, #DSA, #DEV, #Explore","","photo","https://pbs.twimg.com/media/GZoJzi5aAAA2P5a.jpg
https://pbs.twimg.com/media/GZoJzi6aQAAIqSy.png
https://pbs.twimg.com/media/GZoJzi6asAAI34J.jpg"
"1844433869963133114","#Day 169🚀 

#DSA =&gt; Maximum Width Ramp
#DEV =&gt; Started with V-ideas [FYP]
#Explore =&gt; Had a pretty decent interview today. https://t.co/dyhvBhy5JL","en","Tweet","Shubhampawar4841","Shubhampawar484","58","0","0","0","1","0","2024-10-10 23:14:37","https://x.com/Shubhampawar484/status/1844433869963133114","<a href=""https://mobile.twitter.com"" rel=""nofollow"">Twitter Web App</a>","#Day, #DSA, #DEV, #Explore","","photo","https://pbs.twimg.com/media/GZi-0pQagAAmDzV.png
https://pbs.twimg.com/media/GZi-0pUbMAAurYl.png"
"1843714743393304612","#Day 168🚀 

#DSA =&gt; Minimum Number of Swaps to Make the String Balanced.
#DEV =Worked on Intern task projects Finally hit the Webhook Endpoint.
#Explore =&gt; Ngork https://t.co/UiRvrmM7AS","en","Tweet","Shubhampawar4841","Shubhampawar484","54","0","0","0","1","0","2024-10-08 23:37:04","https://x.com/Shubhampawar484/status/1843714743393304612","<a href=""https://mobile.twitter.com"" rel=""nofollow"">Twitter Web App</a>","#Day, #DSA, #DEV, #Explore","","photo","https://pbs.twimg.com/media/GZYwx-DasAE1Ouk.png
https://pbs.twimg.com/media/GZYwx-BasAErutF.png
https://pbs.twimg.com/media/GZYwx-DawAAaPKd.png"
"1842967748487565553","#Day 166🚀 

#DEV =Worked on Intern task projects.
#Explore =&gt; Shadcn Ui features. https://t.co/GnaeJQuXsE","en","Tweet","Shubhampawar4841","Shubhampawar484","75","0","0","0","3","0","2024-10-06 22:08:46","https://x.com/Shubhampawar484/status/1842967748487565553","<a href=""https://mobile.twitter.com"" rel=""nofollow"">Twitter Web App</a>","#Day, #DEV, #Explore","","photo","https://pbs.twimg.com/media/GZOJZFFbgAAq3yQ.png
https://pbs.twimg.com/media/GZOJZFEacAAMU2P.png"
"1842770754699440386","@shubhstwt @insights_access https://t.co/ZcgGXMyMOI","qme","Reply","Shubhampawar4841","Shubhampawar484","31","0","0","0","0","0","2024-10-06 09:05:59","https://x.com/Shubhampawar484/status/1842770754699440386","<a href=""http://twitter.com/download/android"" rel=""nofollow"">Twitter for Android</a>","","https://port-folio-ilfv.vercel.app/","",""
"1842554767404613682","@merishabh_singh https://t.co/ZcgGXMzkEg","qme","Reply","Shubhampawar4841","Shubhampawar484","22","0","0","0","0","0","2024-10-05 18:47:44","https://x.com/Shubhampawar484/status/1842554767404613682","<a href=""http://twitter.com/download/android"" rel=""nofollow"">Twitter for Android</a>","","https://port-folio-ilfv.vercel.app/","",""
"1842270675198996964","#Day 165 🚀

#DEV =Worked on Loop connect and Medium Project 
#Explore =&gt; Connection Pools Functionality Explored !! https://t.co/kdQLha4H2F","en","Tweet","Shubhampawar4841","Shubhampawar484","58","0","0","0","0","0","2024-10-04 23:58:51","https://x.com/Shubhampawar484/status/1842270675198996964","<a href=""https://mobile.twitter.com"" rel=""nofollow"">Twitter Web App</a>","#Day, #DEV, #Explore","","photo","https://pbs.twimg.com/media/GZEPaQUbIAANRCS.png
https://pbs.twimg.com/media/GZEPaQUakAEkIoX.png
https://pbs.twimg.com/media/GZEPaSxbYAAUd9g.png"
"1841905680716071277","#Day 164 🚀 

#DSA =&gt; Rank Transform of an Array 
#DEV =&gt;Revisiting LoopConnect Project.
#Explore =&gt; Some PseudoCodes https://t.co/sq97bsQ2WF","en","Tweet","Shubhampawar4841","Shubhampawar484","56","0","0","0","1","0","2024-10-03 23:48:29","https://x.com/Shubhampawar484/status/1841905680716071277","<a href=""https://mobile.twitter.com"" rel=""nofollow"">Twitter Web App</a>","#Day, #DSA, #DEV, #Explore","","photo","https://pbs.twimg.com/media/GY_DcwtbAAIenxg.png
https://pbs.twimg.com/media/GY_DcwrbAAIW_7X.png"
"1841533967687942542","#Day 163 🚀 

#DSA =&gt; 3Sum Closest
#DEV =&gt; Error Debugging in Medium Project. https://t.co/LPYDmkGvr5","en","Tweet","Shubhampawar4841","Shubhampawar484","64","0","0","0","0","0","2024-10-02 23:11:26","https://x.com/Shubhampawar484/status/1841533967687942542","<a href=""https://mobile.twitter.com"" rel=""nofollow"">Twitter Web App</a>","#Day, #DSA, #DEV","","photo","https://pbs.twimg.com/media/GY5xYMibAAMo4Wl.png
https://pbs.twimg.com/media/GY5xYMgbMAAJiAT.png"
"1841154274845475184","#Day 162 🚀 

#SQL =&gt; Classes More Than 5 Students
#DEV =&gt;Completed Backend Deployment of Medium Application. (Getting Error for Frontend Part).
#Explore =&gt; CloudFlare Analytics, Websockets from 100xdevs. https://t.co/Z0znLSLaMx","en","Tweet","Shubhampawar4841","Shubhampawar484","74","0","0","0","1","0","2024-10-01 22:02:40","https://x.com/Shubhampawar484/status/1841154274845475184","<a href=""https://mobile.twitter.com"" rel=""nofollow"">Twitter Web App</a>","#Day, #SQL, #DEV, #Explore","","photo","https://pbs.twimg.com/media/GY0YDEjbQAMA5k1.jpg
https://pbs.twimg.com/media/GY0YDEobQAAZmCt.png
https://pbs.twimg.com/media/GY0YDEjakAAT9oS.png
https://pbs.twimg.com/media/GY0YDElb0AAgFoo.png"
"1840796537892585878","#Day 161 🚀

 #DSA =&gt; Remove Duplicates from Sorted Array II. 
 #DEV =&gt; Medium Project Zod Implementation, Deployed my First ever Npm Package.
 #Explore =&gt; V0 by Vercel, Common module between client and server. https://t.co/Kx2Ldlx7Pb","en","Tweet","Shubhampawar4841","Shubhampawar484","109","0","1","0","3","0","2024-09-30 22:21:09","https://x.com/Shubhampawar484/status/1840796537892585878","<a href=""https://mobile.twitter.com"" rel=""nofollow"">Twitter Web App</a>","#Day, #DSA, #DEV, #Explore","","photo","https://pbs.twimg.com/media/GYvSsGkagAAiCSX.png
https://pbs.twimg.com/media/GYvSsGlbQAUqLYg.png
https://pbs.twimg.com/media/GYvSsGkbQAEQXcq.png
https://pbs.twimg.com/media/GYvSsGhbQAIiARZ.jpg"
"1840426672656662824","#Day 160 🚀

#DSA =&gt; Count Square Submatrices with All Ones  
#DEV =&gt; Completed all Backend Endpoints of Medium Application, Will go for Zod Integration.
#Explore =&gt; DBMS Application architecture. https://t.co/QE0T4wV3La","en","Tweet","Shubhampawar4841","Shubhampawar484","53","0","0","0","2","0","2024-09-29 21:51:26","https://x.com/Shubhampawar484/status/1840426672656662824","<a href=""https://mobile.twitter.com"" rel=""nofollow"">Twitter Web App</a>","#Day, #DSA, #DEV, #Explore","","photo","https://pbs.twimg.com/media/GYqCOZeacAAaggP.png
https://pbs.twimg.com/media/GYqCOZdaUAAT_L6.png"
"1840426592600043589","#Day 159 🚀

#DSA =&gt; Count Square Submatrices with All Ones  
#DEV =&gt; Completed all Backend Endpoints of Medium Application, Will go for Zod Integration.
#Explore =&gt; DBMS Application architecture. https://t.co/isdYLxArAg","en","Tweet","Shubhampawar4841","Shubhampawar484","47","0","0","0","1","0","2024-09-29 21:51:07","https://x.com/Shubhampawar484/status/1840426592600043589","<a href=""https://mobile.twitter.com"" rel=""nofollow"">Twitter Web App</a>","#Day, #DSA, #DEV, #Explore","","photo","https://pbs.twimg.com/media/GYqCOZeacAAaggP.png
https://pbs.twimg.com/media/GYqCOZdaUAAT_L6.png"
"1840078002841165868","#Day 158 🚀 

#DSA =&gt; Maximize the Total Height of Unique Towers, Minimum Element After Replacement With Digit Sum.
#SQL =&gt;  Product Sales Analysis I   
#DEV =&gt; Worked on Medium project 
#Explore =&gt; DBMS Entity Relationship, File System Drawbacks. https://t.co/vPSO4aJ9Yd","en","Tweet","Shubhampawar4841","Shubhampawar484","53","0","0","0","2","0","2024-09-28 22:45:57","https://x.com/Shubhampawar484/status/1840078002841165868","<a href=""https://mobile.twitter.com"" rel=""nofollow"">Twitter Web App</a>","#Day, #DSA, #SQL, #DEV, #Explore","","photo","https://pbs.twimg.com/media/GYlFL5EasAYLcEI.jpg
https://pbs.twimg.com/media/GYlFL5DasAEr9i9.png
https://pbs.twimg.com/media/GYlFL5EasAQHjVc.png
https://pbs.twimg.com/media/GYlFL5FasAEyaa5.png"
"1839716165800837401","#Day 157 🚀
 
#SQL =&gt; Replace Employee ID With The Unique Identifier   
#DEV =&gt; Worked on Medium project (Prisma Error)
#Explore =&gt; Sql joins, Entity Relationship. https://t.co/HcJlzT99uP","en","Tweet","Shubhampawar4841","Shubhampawar484","53","0","0","0","1","0","2024-09-27 22:48:08","https://x.com/Shubhampawar484/status/1839716165800837401","<a href=""https://mobile.twitter.com"" rel=""nofollow"">Twitter Web App</a>","#Day, #SQL, #DEV, #Explore","","photo","https://pbs.twimg.com/media/GYf8GMaasAAkwop.png
https://pbs.twimg.com/media/GYf8GMcasAMj16j.png"
"1839347695577862293","#Day 156 🚀 

#DSA =&gt; Greatest Common Divisor of Strings, Uncommon Words from Two Sentences  
#DEV =&gt; Worked on Medium project.
#Explore =&gt; Better Routing, Bindings and Cloudflares. https://t.co/axm9N4XFy2","en","Tweet","Shubhampawar4841","Shubhampawar484","99","0","0","0","3","0","2024-09-26 22:23:58","https://x.com/Shubhampawar484/status/1839347695577862293","<a href=""https://mobile.twitter.com"" rel=""nofollow"">Twitter Web App</a>","#Day, #DSA, #DEV, #Explore","","photo","https://pbs.twimg.com/media/GYas-UKbMAEacIF.png
https://pbs.twimg.com/media/GYas-ULbUAAt0cx.png
https://pbs.twimg.com/media/GYas-UDaYAEtVvS.jpg"
"1838979435921621230","#Day 155 🚀 

#DSA =&gt; Minimum Number of Bits Swap. 
#DEV =&gt; Worked on Medium project Endpoints, Prisma connection.
#Explore =&gt; Hono, connection pool, Prisma Migration. https://t.co/RUC9RA88ZW","en","Tweet","Shubhampawar4841","Shubhampawar484","83","0","0","0","0","0","2024-09-25 22:00:38","https://x.com/Shubhampawar484/status/1838979435921621230","<a href=""https://mobile.twitter.com"" rel=""nofollow"">Twitter Web App</a>","#Day, #DSA, #DEV, #Explore","","photo","https://pbs.twimg.com/media/GYVeCycXYD0X01Q.png
https://pbs.twimg.com/media/GYVeCyQXsAARKsJ.jpg
https://pbs.twimg.com/media/GYVeCyRXYAEg1nm.png
https://pbs.twimg.com/media/GYVeCySWQAAWRZ9.jpg"
"1838629179182748047","#Day 154 🚀 

#DSA =&gt; Find the Length of the Longest Common Prefix.
#DEV =&gt; Started Medium Project https://t.co/eAPXbKfkjP","en","Tweet","Shubhampawar4841","Shubhampawar484","62","0","0","0","1","0","2024-09-24 22:48:51","https://x.com/Shubhampawar484/status/1838629179182748047","<a href=""https://mobile.twitter.com"" rel=""nofollow"">Twitter Web App</a>","#Day, #DSA, #DEV","","photo","https://pbs.twimg.com/media/GYQffLKakAInuEL.png
https://pbs.twimg.com/media/GYQffLHagAAG4J5.jpg"
"1837539224641589395","#Day 153 🚀

 #DSA =&gt; Valid Sudoko. https://t.co/pB8HKRW6iO","und","Tweet","Shubhampawar4841","Shubhampawar484","55","0","0","0","1","0","2024-09-21 22:37:45","https://x.com/Shubhampawar484/status/1837539224641589395","<a href=""https://mobile.twitter.com"" rel=""nofollow"">Twitter Web App</a>","#Day, #DSA","","photo","https://pbs.twimg.com/media/GYBALn7a0AApqxk.png"
"1835648859781189802","#Day 152 🚀

#DSA =&gt; Find a Safe Walk Through a Grid, Find Indices of Stable Mountains. https://t.co/Txt2pzjxxM","en","Tweet","Shubhampawar4841","Shubhampawar484","69","0","0","0","1","0","2024-09-16 17:26:07","https://x.com/Shubhampawar484/status/1835648859781189802","<a href=""https://mobile.twitter.com"" rel=""nofollow"">Twitter Web App</a>","#Day, #DSA","","photo","https://pbs.twimg.com/media/GXmI5onbQAAYNfv.png
https://pbs.twimg.com/media/GXmI5omaUAA3c1o.png"
"1835647054309392819","#Day 151 🚀 

SQL =&gt; Rising Temperature, Average Time of Process per Machine https://t.co/o6p91FfLA4","en","Tweet","Shubhampawar4841","Shubhampawar484","73","0","0","0","2","0","2024-09-16 17:18:57","https://x.com/Shubhampawar484/status/1835647054309392819","<a href=""https://mobile.twitter.com"" rel=""nofollow"">Twitter Web App</a>","#Day","","photo","https://pbs.twimg.com/media/GXmHQhfaoAE2vYd.png
https://pbs.twimg.com/media/GXmHQhibMAACCrC.png"
"1832457463775555606","#Day 150 🚀 

#DSA 📷- Linked List in Binary Tree
#Dev =&gt; Revisiting my Projects.
#Explore =&gt; System Design Continued, 
Dbms Architectures Revised,
#Aptitude =&gt; Fractions and Decimals. https://t.co/Kvt9y44dyT","en","Tweet","Shubhampawar4841","Shubhampawar484","75","0","0","0","1","0","2024-09-07 22:04:39","https://x.com/Shubhampawar484/status/1832457463775555606","<a href=""https://mobile.twitter.com"" rel=""nofollow"">Twitter Web App</a>","#Day, #DSA, #Dev, #Explore, #Aptitude","","photo","https://pbs.twimg.com/media/GW4yVw5a8AAWfU-.jpg
https://pbs.twimg.com/media/GW4yVxCaAAAgs9N.png"
"1831389232117772327","""Learning to code so well that one day, I'll build my own trading website from scratch.

#CodeEveryday #100DaysOfCode #TradingWebsite #DevJourney"" https://t.co/KwmurQOZpt","en","Tweet","Shubhampawar4841","Shubhampawar484","125","1","0","0","6","0","2024-09-04 23:19:53","https://x.com/Shubhampawar484/status/1831389232117772327","<a href=""https://mobile.twitter.com"" rel=""nofollow"">Twitter Web App</a>","#CodeEveryday, #100DaysOfCode, #TradingWebsite, #DevJourney","","photo","https://pbs.twimg.com/media/GWpmy0kXoAEsiv5.png"
"1831387585694068761","#Day 148 🚀 

#DSA 📷- Sum of Digits of String After ConvertMake Two Arrays Equal by Reversing Subarrays
#WebDevelopment #100DaysOfCode #striver https://t.co/DLD1OdmI8r","en","Tweet","Shubhampawar4841","Shubhampawar484","92","1","0","0","2","0","2024-09-04 23:13:20","https://x.com/Shubhampawar484/status/1831387585694068761","<a href=""https://mobile.twitter.com"" rel=""nofollow"">Twitter Web App</a>","#Day, #DSA, #WebDevelopment, #100DaysOfCode, #striver","","photo","https://pbs.twimg.com/media/GWplTGtbYAAIOTS.png"
"1831034654553772506","#Day 147 🚀 

#DSA 📷- Sum of Digits of String After Convert
#Explore =&gt; Oops Concepts
#Webdevelopment #100DaysOfCode #striver https://t.co/EUejpz2ttI","en","Tweet","Shubhampawar4841","Shubhampawar484","218","1","0","0","10","0","2024-09-03 23:50:55","https://x.com/Shubhampawar484/status/1831034654553772506","<a href=""https://mobile.twitter.com"" rel=""nofollow"">Twitter Web App</a>","#Day, #DSA, #Explore, #Webdevelopment, #100DaysOfCode, #striver","","photo","https://pbs.twimg.com/media/GWkkTuRWUAAd0CW.png
https://pbs.twimg.com/media/GWkkTuMWkAAYSCl.png"
"1830662366671053310","#Day 146 🚀 

#DSA 📷-  Find the Student that Will Replace the Chalk
#Explore =&gt; System Design by Gaurav Sen
#Webdevelopment #100DaysOfCode #striver https://t.co/n6YYVQeQc0","en","Tweet","Shubhampawar4841","Shubhampawar484","134","0","0","0","3","0","2024-09-02 23:11:34","https://x.com/Shubhampawar484/status/1830662366671053310","<a href=""https://mobile.twitter.com"" rel=""nofollow"">Twitter Web App</a>","#Day, #DSA, #Explore, #Webdevelopment, #100DaysOfCode, #striver","","photo","https://pbs.twimg.com/media/GWfRtyabkAAOymt.png
https://pbs.twimg.com/media/GWfRty8X0AA6TZM.png"
"1830295703257825285","#Day 145 🚀 

#DSA 📷- Find the Highest Altitude, Kids with Greatest Number of Candies.
#Explore =&gt; Different Types Of Cyber Attacks.
#Webdevelopment #100DaysOfCode #striver https://t.co/Ka26fKnByi","en","Tweet","Shubhampawar4841","Shubhampawar484","88","1","0","0","4","0","2024-09-01 22:54:35","https://x.com/Shubhampawar484/status/1830295703257825285","<a href=""https://mobile.twitter.com"" rel=""nofollow"">Twitter Web App</a>","#Day, #DSA, #Explore, #Webdevelopment, #100DaysOfCode, #striver","","photo","https://pbs.twimg.com/media/GWaEPLYacAErw68.png
https://pbs.twimg.com/media/GWaEPLYaQAE6y5o.png"
"1829948918366683586","#Day 144 🚀 

#DSA 📷- Find the Key of the Numbers, Hash Divided String.
#Contest =&gt; 2 Solved
 #Webdevelopment #100DaysOfCode #striver https://t.co/pmArH5bnw4","en","Tweet","Shubhampawar4841","Shubhampawar484","85","0","0","0","4","0","2024-08-31 23:56:35","https://x.com/Shubhampawar484/status/1829948918366683586","<a href=""https://mobile.twitter.com"" rel=""nofollow"">Twitter Web App</a>","#Day, #DSA, #Contest, #Webdevelopment, #100DaysOfCode, #striver","","photo","https://pbs.twimg.com/media/GWVI1VnbkAA-dTu.png
https://pbs.twimg.com/media/GWVI1VoagAAjKZ2.png
https://pbs.twimg.com/media/GWVI1WGXgAAy0Sz.png
https://pbs.twimg.com/media/GWVI1VlbQAAwyAb.png"
"1829202430694961320","#Day 143 🚀

 #DSA 📷- Check if the Word is present in Sentence or not, Rearrange String
 #Webdevelopment #100DaysOfCode #striver https://t.co/3jdeSrgT7a","en","Tweet","Shubhampawar4841","Shubhampawar484","97","1","0","0","4","0","2024-08-29 22:30:19","https://x.com/Shubhampawar484/status/1829202430694961320","<a href=""https://mobile.twitter.com"" rel=""nofollow"">Twitter Web App</a>","#Day, #DSA, #Webdevelopment, #100DaysOfCode, #striver","","photo","https://pbs.twimg.com/media/GWKh6N5asAQwF1-.png
https://pbs.twimg.com/media/GWKh6ORWMAAeK6l.png"
"1828485382285275454","#Day 142 🚀 

#DSA 📷- Revised Binary Trees , Stacks , Queues from Striver AtoZ.
#Webdevelopment #100DaysOfCode #striver https://t.co/bY2grIhGNk","en","Tweet","Shubhampawar4841","Shubhampawar484","73","0","0","0","2","0","2024-08-27 23:01:01","https://x.com/Shubhampawar484/status/1828485382285275454","<a href=""https://mobile.twitter.com"" rel=""nofollow"">Twitter Web App</a>","#Day, #DSA, #Webdevelopment, #100DaysOfCode, #striver","","photo","https://pbs.twimg.com/media/GWAVwewaoAAWIp1.png
https://pbs.twimg.com/media/GWAVwezaEAAJ7sq.png
https://pbs.twimg.com/media/GWAVwevaoAEmQam.png"
"1828121063944815089","Caught in the loop of overthinking? https://t.co/dY9uMIND22","en","Tweet","Shubhampawar4841","Shubhampawar484","124","1","0","0","4","0","2024-08-26 22:53:21","https://x.com/Shubhampawar484/status/1828121063944815089","<a href=""https://mobile.twitter.com"" rel=""nofollow"">Twitter Web App</a>","","","photo","https://pbs.twimg.com/media/GV7KaYfbcAA5ta7.jpg"
"1828111339929411707","#Day 141 🚀

#DSA  🌟
- Rotate 90 Degrees 🔄
- Plus One ➕
#Explore 🌐
- Network Virtualization 🖧
#Aptitude 📚
- Reading Comprehension 👓
- #Striver #DSA #Webdevelopment #100DaysOfCode https://t.co/yCYH3EJtaX","en","Tweet","Shubhampawar4841","Shubhampawar484","96","1","0","0","3","0","2024-08-26 22:14:42","https://x.com/Shubhampawar484/status/1828111339929411707","<a href=""https://mobile.twitter.com"" rel=""nofollow"">Twitter Web App</a>","#Day, #DSA, #Explore, #Aptitude, #Striver, #DSA, #Webdevelopment, #100DaysOfCode","","photo","https://pbs.twimg.com/media/GV7BkaPaAAALzoK.png
https://pbs.twimg.com/media/GV7BkaOa4AAvUCb.png"
"1827757913907364236","#Day140🚀 

#DSA:
1. Final Array State After K Multiplication Operations I 🔢
2. 🐸 Frog Jump 🏃‍♂️
3. Count Almost Equal Pairs 🔍

#Explore =&gt; AWS Services (💻 EC2, 🔄 Lambda, ☁️ S3).

#Striver #DSA #WebDevelopment #100DaysOfCode 💪 https://t.co/9Z4tmO2POq","en","Tweet","Shubhampawar4841","Shubhampawar484","59","0","0","0","4","0","2024-08-25 22:50:19","https://x.com/Shubhampawar484/status/1827757913907364236","<a href=""https://mobile.twitter.com"" rel=""nofollow"">Twitter Web App</a>","#Day140, #DSA, #Explore, #Striver, #DSA, #WebDevelopment, #100DaysOfCode","","photo","https://pbs.twimg.com/media/GV2AIQva8AE1piJ.png
https://pbs.twimg.com/media/GV2AIQwbQAAxxW0.jpg
https://pbs.twimg.com/media/GV2AIQwbcAAKd91.png
https://pbs.twimg.com/media/GV2AIQvaUAAoZkE.png"
"1827398615683493996","#Day139🚀 

#DSA = &gt; Search in a 2D Matrix Binary Search, Ugly Numbers.
Bit Manupulation of Striver Revising.
#Explore =&gt; Cryptography in Network Security.
#Aptitude =&gt; Sentences Arrangements, Speeches.
 #Striver #DSA #Webdevelopment #100DaysOfCode https://t.co/ahuxcfpfzN","en","Tweet","Shubhampawar4841","Shubhampawar484","70","0","0","0","3","0","2024-08-24 23:02:36","https://x.com/Shubhampawar484/status/1827398615683493996","<a href=""https://mobile.twitter.com"" rel=""nofollow"">Twitter Web App</a>","#Day139, #DSA, #Explore, #Aptitude, #Striver, #DSA, #Webdevelopment, #100DaysOfCode","","photo","https://pbs.twimg.com/media/GVw5TaUa8AEBNit.jpg
https://pbs.twimg.com/media/GVw5TaUa8AIr7Mw.png
https://pbs.twimg.com/media/GVw5TaUa8AMAzS_.png
https://pbs.twimg.com/media/GVw5TaTbIAAecMz.jpg"
"1827035462055473335","@Febriibra12 Let me Know what update u get.
I Still don't get any reply from Github.","en","Reply","Shubhampawar4841","Shubhampawar484","18","0","0","0","1","0","2024-08-23 22:59:33","https://x.com/Shubhampawar484/status/1827035462055473335","<a href=""https://mobile.twitter.com"" rel=""nofollow"">Twitter Web App</a>","","","",""
"1827031463583527311","#Day138🚀 

#DSA = &gt;First non repeating character, Fraction Addition and Subtraction.
 #Striver #DSA #Webdevelopment https://t.co/wOd6M1C4s7","en","Tweet","Shubhampawar4841","Shubhampawar484","48","0","0","0","1","0","2024-08-23 22:43:40","https://x.com/Shubhampawar484/status/1827031463583527311","<a href=""https://mobile.twitter.com"" rel=""nofollow"">Twitter Web App</a>","#Day138, #DSA, #Striver, #DSA, #Webdevelopment","","photo","https://pbs.twimg.com/media/GVrrbSDWkAAC-Tv.png
https://pbs.twimg.com/media/GVrrbRlbwAE4OBq.png"
"1826672230732103887","#Day137🚀 

#DSA = &gt; Find Compliment, Find Peak Element
#Explore =&gt; Databases Differences.
 #Striver #DSA #Webdevelopment https://t.co/i5gHPzX1yR","fr","Tweet","Shubhampawar4841","Shubhampawar484","42","0","0","0","0","0","2024-08-22 22:56:12","https://x.com/Shubhampawar484/status/1826672230732103887","<a href=""https://mobile.twitter.com"" rel=""nofollow"">Twitter Web App</a>","#Day137, #DSA, #Explore, #Striver, #DSA, #Webdevelopment","","photo","https://pbs.twimg.com/media/GVmkj0dbgAArO_p.png
https://pbs.twimg.com/media/GVmkj0fbgAA8EZc.png
https://pbs.twimg.com/media/GVmkj0fbgAMgxTr.jpg"
"1826306546579767721","#Day136🚀

 #DSA = &gt; Beautiful Strings , Detect Capital Letters.
#Explore =&gt; Load Balancer, Api Gateway, Nginx-Reverse Proxy, Data Sharding.
#Striver #DSA #Webdevelopment https://t.co/GUynWfSV0V","en","Tweet","Shubhampawar4841","Shubhampawar484","75","0","0","0","2","0","2024-08-21 22:43:06","https://x.com/Shubhampawar484/status/1826306546579767721","<a href=""https://mobile.twitter.com"" rel=""nofollow"">Twitter Web App</a>","#Day136, #DSA, #Explore, #Striver, #DSA, #Webdevelopment","","photo","https://pbs.twimg.com/media/GVhYHqCbgAU-8XP.png
https://pbs.twimg.com/media/GVhYHqdX0AAWlR-.jpg
https://pbs.twimg.com/media/GVhYHqAbgAAGIxN.png"
"1825928656939872324","#Day135🚀 

#DSA = &gt;String Compression, Check if the Sentence Is Pangram, Check If Two String Arrays are Equivalent, Determine if String Halves Are Alike. 
#Striver #DSA #Webdevelopment https://t.co/C4rPWkRXlv","en","Tweet","Shubhampawar4841","Shubhampawar484","49","0","0","0","3","0","2024-08-20 21:41:30","https://x.com/Shubhampawar484/status/1825928656939872324","<a href=""https://mobile.twitter.com"" rel=""nofollow"">Twitter Web App</a>","#Day135, #DSA, #Striver, #DSA, #Webdevelopment","","photo","https://pbs.twimg.com/media/GVcAbm8aMAIgGNd.png
https://pbs.twimg.com/media/GVcAbm-aMAEkKpg.png
https://pbs.twimg.com/media/GVcAbm8aMAMDE09.png"
"1825199562883256678","#Day133🚀

#DSA = &gt;Count String that Satisfy String Constraint 1
Reverse Array
LCA of Three Nodes
Pair Sum
Area of Rectangle
#Aptitude =&gt; Venn Diagrams.
#Striver #DSA  #Webdevelopment https://t.co/bs2HNjWDR7","en","Tweet","Shubhampawar4841","Shubhampawar484","94","0","0","0","3","0","2024-08-18 21:24:21","https://x.com/Shubhampawar484/status/1825199562883256678","<a href=""https://mobile.twitter.com"" rel=""nofollow"">Twitter Web App</a>","#Day133, #DSA, #Aptitude, #Striver, #DSA, #Webdevelopment","","photo","https://pbs.twimg.com/media/GVRpUoebUAADxjd.png
https://pbs.twimg.com/media/GVRpUoibcAAWWJz.png"
"1824846589556654285","#Day132🚀 

#DSA =&gt; Fruits and Basket, Products of the Array Excluding Self, Odd and Even.
#DEV =&gt; Built a Expense Tracker Using React and Tailwind CSS.
#Striver #DSA https://t.co/0zz8o62WfT","en","Tweet","Shubhampawar4841","Shubhampawar484","87","0","0","0","4","0","2024-08-17 22:01:45","https://x.com/Shubhampawar484/status/1824846589556654285","<a href=""https://mobile.twitter.com"" rel=""nofollow"">Twitter Web App</a>","#Day132, #DSA, #DEV, #Striver, #DSA","","photo","https://pbs.twimg.com/media/GVMoS5rbkAEX8Vf.png
https://pbs.twimg.com/media/GVMoS5uaMAAB6Ku.png
https://pbs.twimg.com/media/GVMoS5sbcAAYQmX.png
https://pbs.twimg.com/media/GVMoS5taoAAiSbe.png"
"1824500941590327627","#Day131🚀 

#DSA =&gt; Remove Elements, Is Power of 2, Container With Most Water.
#Aptitude =&gt; Visual Reasoning.
#Explore =&gt; Firewalls Fundamentals.
#Striver #DSA https://t.co/1EEpCwdk8J","en","Tweet","Shubhampawar4841","Shubhampawar484","70","0","0","0","2","0","2024-08-16 23:08:16","https://x.com/Shubhampawar484/status/1824500941590327627","<a href=""https://mobile.twitter.com"" rel=""nofollow"">Twitter Web App</a>","#Day131, #DSA, #Aptitude, #Explore, #Striver, #DSA","","photo","https://pbs.twimg.com/media/GVHt7lmaEAYHXkN.png
https://pbs.twimg.com/media/GVHt7lnaoAE-00o.png
https://pbs.twimg.com/media/GVHt7lnaoAAIOLg.png
https://pbs.twimg.com/media/GVHt7lmaEAI-wkE.png"
"1824133399151628550","#Day130🚀 

#DSA =&gt;  -First and Last Position, Lemonade Change
#Aptitude =&gt; Grammer.
#Explore =&gt; GCP Features. #Striver #DSA https://t.co/oCI4kw4c2r","en","Tweet","Shubhampawar4841","Shubhampawar484","115","1","0","0","3","0","2024-08-15 22:47:47","https://x.com/Shubhampawar484/status/1824133399151628550","<a href=""https://mobile.twitter.com"" rel=""nofollow"">Twitter Web App</a>","#Day130, #DSA, #Aptitude, #Explore, #Striver, #DSA","","photo","https://pbs.twimg.com/media/GVCfpmLaEAISkhy.png
https://pbs.twimg.com/media/GVCfpmYaEAEMfB4.png"
"1823055217476472923","#Day129🚀 

#DSA =&gt;  - Kth Largest Element in a Stream  
#Striver #DSA https://t.co/V6bwd8ZE7U","en","Tweet","Shubhampawar4841","Shubhampawar484","62","0","0","0","4","0","2024-08-12 23:23:29","https://x.com/Shubhampawar484/status/1823055217476472923","<a href=""https://mobile.twitter.com"" rel=""nofollow"">Twitter Web App</a>","#Day129, #DSA, #Striver, #DSA","","photo","https://pbs.twimg.com/media/GUzLDcTaEAAFrJm.png"
"1822685965502324785","#Day128🚀 

#DSA =&gt; 
- Sum of Nodesarray With Sum K - Using HashMap
-Sum of Nodes
- Max Consecutive Ones
 #Aptitude =&gt; Arrangements 
 #Explore =&gt; GCP Features.
#Striver #DSA https://t.co/rwFZcOfgTI","en","Tweet","Shubhampawar4841","Shubhampawar484","64","0","0","0","2","0","2024-08-11 22:56:12","https://x.com/Shubhampawar484/status/1822685965502324785","<a href=""https://mobile.twitter.com"" rel=""nofollow"">Twitter Web App</a>","#Day128, #DSA, #Aptitude, #Explore, #Striver, #DSA","","photo","https://pbs.twimg.com/media/GUt7N9caQAIFXPp.png
https://pbs.twimg.com/media/GUt7N9faMAE9dle.png
https://pbs.twimg.com/media/GUt7N9dbEAA2geW.png
https://pbs.twimg.com/media/GUt7N9eaIAAYq25.png"
"1822330327211061753","#Day127🚀 

#DSA =&gt; - Longest Subarray With Sum K
- Binary Search
- Reverse Words In A String
- Middle Of Linked List
- Group Anagram
- Count All Subarrays With Given Sum
#Aptitude =&gt; Number Theory
#Explore =&gt; Cloud Services https://t.co/L3ETYRrd3J","en","Tweet","Shubhampawar4841","Shubhampawar484","70","0","0","0","3","0","2024-08-10 23:23:01","https://x.com/Shubhampawar484/status/1822330327211061753","<a href=""https://mobile.twitter.com"" rel=""nofollow"">Twitter Web App</a>","#Day127, #DSA, #Aptitude, #Explore","","photo","https://pbs.twimg.com/media/GUo3xI4acAApyD2.png
https://pbs.twimg.com/media/GUo3xI6bsAAT-Ex.png
https://pbs.twimg.com/media/GUo3xJZWAAAWLrq.png
https://pbs.twimg.com/media/GUo3xI3a0AAK2bq.png"
"1821958093988942253","#Day126🚀

#DSA =&gt; Striver Sheet Revisit =&gt; Largest number , Second Largest Number, Check if Sorted.
Magic Squares In Grid 
#Aptitude =&gt; Inferred Meaning and Directional Sense
#Explore =&gt; Different Types of Cyber Attacks. https://t.co/a1KWdEHNcB","en","Tweet","Shubhampawar4841","Shubhampawar484","79","0","0","0","4","0","2024-08-09 22:43:54","https://x.com/Shubhampawar484/status/1821958093988942253","<a href=""https://mobile.twitter.com"" rel=""nofollow"">Twitter Web App</a>","#Day126, #DSA, #Aptitude, #Explore","","photo","https://pbs.twimg.com/media/GUjlORxa8AIxViv.png
https://pbs.twimg.com/media/GUjlORya0AAM9KR.png
https://pbs.twimg.com/media/GUjlOSRa8AIhIhN.png
https://pbs.twimg.com/media/GUjlOR1agAANDnp.png"
"1821611059805090248","#Day125🚀 

#DSA =&gt; Decode Binary Expression, Spiral Matrix III, Rat Count House, Password Validation.
#Aptitude =&gt; Blood Relations And Seating Arrangements
#Explore =&gt; Hackerank Competetive Questions. https://t.co/Cx8U6fnoUi","en","Tweet","Shubhampawar4841","Shubhampawar484","73","0","0","0","2","0","2024-08-08 23:44:55","https://x.com/Shubhampawar484/status/1821611059805090248","<a href=""https://mobile.twitter.com"" rel=""nofollow"">Twitter Web App</a>","#Day125, #DSA, #Aptitude, #Explore","","photo","https://pbs.twimg.com/media/GUepi0la8AI1Ncq.png
https://pbs.twimg.com/media/GUepi1DXsAAgvLF.png
https://pbs.twimg.com/media/GUepi0kaYAAdB7v.png
https://pbs.twimg.com/media/GUepi0mbQAEABdB.png"
"1819786507898806438","#Day124🚀 

#DSA  =&gt;3 Solved on Coding Ninjas, 
#Contest =&gt; LeetCode 2 Solved. https://t.co/zV2qAa5MZ2","en","Tweet","Shubhampawar4841","Shubhampawar484","135","1","0","0","6","0","2024-08-03 22:54:48","https://x.com/Shubhampawar484/status/1819786507898806438","<a href=""https://mobile.twitter.com"" rel=""nofollow"">Twitter Web App</a>","#Day124, #DSA, #Contest","","photo","https://pbs.twimg.com/media/GUEuLZCaMAAn-xJ.png
https://pbs.twimg.com/media/GUEuLZAbcAAU9G4.png
https://pbs.twimg.com/media/GUEuLZCbQAA-VvO.png
https://pbs.twimg.com/media/GUEuLY_a8AAtCs6.png"
"1819440108858462385","Returning to coding after a long break! Let's get started and make the most of this journey. 💻🚀
 #BackToCode
 #100DaysOfCode 
 #DEVCommunity https://t.co/PJi0sVZlRr","en","Tweet","Shubhampawar4841","Shubhampawar484","117","0","0","0","3","0","2024-08-02 23:58:20","https://x.com/Shubhampawar484/status/1819440108858462385","<a href=""http://twitter.com/download/android"" rel=""nofollow"">Twitter for Android</a>","#BackToCode, #100DaysOfCode, #DEVCommunity","","photo","https://pbs.twimg.com/media/GT_zIuvWoAAJrQd.jpg"
"1819069973022888148","#Day122🚀 

#DSA =&gt; Number of Senior Citizens https://t.co/tWTFs6Znxt","en","Tweet","Shubhampawar4841","Shubhampawar484","80","0","0","0","3","0","2024-08-01 23:27:32","https://x.com/Shubhampawar484/status/1819069973022888148","<a href=""https://mobile.twitter.com"" rel=""nofollow"">Twitter Web App</a>","#Day122, #DSA","","photo","https://pbs.twimg.com/media/GT6ifjxb0AUDXjX.png"
"1818693185121742859","@shafin1coder Want","en","Reply","Shubhampawar4841","Shubhampawar484","8","0","0","0","0","0","2024-07-31 22:30:19","https://x.com/Shubhampawar484/status/1818693185121742859","<a href=""http://twitter.com/download/android"" rel=""nofollow"">Twitter for Android</a>","","","",""
"1818316977972330569","#Day121🚀 

#DSA =&gt; Max Consecutive Ones, Remove duplicates from Sorted array, Left rotate an array by D places, Move Zeros to end. https://t.co/8pXRZD00Mc","en","Tweet","Shubhampawar4841","Shubhampawar484","79","0","0","0","3","0","2024-07-30 21:35:24","https://x.com/Shubhampawar484/status/1818316977972330569","<a href=""https://mobile.twitter.com"" rel=""nofollow"">Twitter Web App</a>","#Day121, #DSA","","photo","https://pbs.twimg.com/media/GTv1pa5bEAApUgM.png
https://pbs.twimg.com/media/GTv1pa5a8AAobaA.png"
"1818263126019899395","#Day120🚀 

#DSA =&gt; Revised Check if No is Prime, Power Expo, Prima Factors. https://t.co/y9dUGkuKY7","en","Tweet","Shubhampawar4841","Shubhampawar484","57","0","0","0","1","0","2024-07-30 18:01:25","https://x.com/Shubhampawar484/status/1818263126019899395","<a href=""https://mobile.twitter.com"" rel=""nofollow"">Twitter Web App</a>","#Day120, #DSA","","photo","https://pbs.twimg.com/media/GTvEqo0bkAAWrCH.png
https://pbs.twimg.com/media/GTvEqo3aYAEVJPG.png"
"1817533276115886148","@RiderAJ3 Great 👍","en","Reply","Shubhampawar4841","Shubhampawar484","12","0","0","0","1","0","2024-07-28 17:41:15","https://x.com/Shubhampawar484/status/1817533276115886148","<a href=""http://twitter.com/download/android"" rel=""nofollow"">Twitter for Android</a>","","","",""
"1816847419939959287","#Day119🚀 

#DSA =&gt; Even Odd Tree
#SQL =&gt; Article Views I https://t.co/YeTvHV3s5q","en","Tweet","Shubhampawar4841","Shubhampawar484","83","0","0","0","2","0","2024-07-26 20:15:54","https://x.com/Shubhampawar484/status/1816847419939959287","<a href=""https://mobile.twitter.com"" rel=""nofollow"">Twitter Web App</a>","#Day119, #DSA, #SQL","","photo","https://pbs.twimg.com/media/GTa9FqGagAIsxJ1.png
https://pbs.twimg.com/media/GTa9FqHagAA9RCj.png"
"1816847113017545018","#Day118🚀 

#DSA =&gt;Find Bottom Left Tree Value
#SQL =&gt; Big Countries https://t.co/fH5ATwXYPX","en","Tweet","Shubhampawar4841","Shubhampawar484","66","0","0","0","1","0","2024-07-26 20:14:41","https://x.com/Shubhampawar484/status/1816847113017545018","<a href=""https://mobile.twitter.com"" rel=""nofollow"">Twitter Web App</a>","#Day118, #DSA, #SQL","","photo","https://pbs.twimg.com/media/GTa8z-kbQAA3HnC.png
https://pbs.twimg.com/media/GTa8z-kagAI2X8B.png"
"1816144192969822591","#Day117🚀 

#DSA =&gt;Sort the Jumbled Numbers
#SQL =&gt; Find Customer Referee https://t.co/JMO6mpQets","en","Tweet","Shubhampawar4841","Shubhampawar484","87","0","0","0","3","0","2024-07-24 21:41:32","https://x.com/Shubhampawar484/status/1816144192969822591","<a href=""https://mobile.twitter.com"" rel=""nofollow"">Twitter Web App</a>","#Day117, #DSA, #SQL","","photo","https://pbs.twimg.com/media/GTQ9gocaYAcTggc.png
https://pbs.twimg.com/media/GTQ9goca4AAHzQK.png"
"1815793126503748036","#Day116🚀 

#DSA =&gt; Sort Array by Increasing Frequency
#SQL =&gt; Recyclable and Low Fat Products https://t.co/Cnxq1pqdO7","en","Tweet","Shubhampawar4841","Shubhampawar484","75","0","0","0","1","0","2024-07-23 22:26:31","https://x.com/Shubhampawar484/status/1815793126503748036","<a href=""https://mobile.twitter.com"" rel=""nofollow"">Twitter Web App</a>","#Day116, #DSA, #SQL","","photo","https://pbs.twimg.com/media/GTL-OALbYAAKy9B.png
https://pbs.twimg.com/media/GTL-OAJakAACRWT.png"
"1815420925757821045","#Day115🚀 

🚀 For Next Few Days 🚀

- Starting the Leetcode 50 Days SQL Challenge
- Diving into core subjects like DBMS, OS, and CN
- Sharpening my aptitude skills
- Solving Daily DS Problem
- Maintaining my GitHub repo

Stay tuned for updates! 💻📚 #SQL #TechJourney https://t.co/Xm8fVIoZ1H","en","Tweet","Shubhampawar4841","Shubhampawar484","101","1","0","0","5","0","2024-07-22 21:47:32","https://x.com/Shubhampawar484/status/1815420925757821045","<a href=""https://mobile.twitter.com"" rel=""nofollow"">Twitter Web App</a>","#Day115, #SQL, #TechJourney","","photo","https://pbs.twimg.com/media/GTGrs3vaAAAe9bT.jpg"
"1814708017843347586","#Day114🚀 

#Explore =&gt; SQL Commands, Standards, Injection. (Will Explore More Theory in Upcoming Days). https://t.co/beXcRcpCBb","en","Tweet","Shubhampawar4841","Shubhampawar484","78","0","0","0","1","0","2024-07-20 22:34:41","https://x.com/Shubhampawar484/status/1814708017843347586","<a href=""https://mobile.twitter.com"" rel=""nofollow"">Twitter Web App</a>","#Day114, #Explore","","photo","https://pbs.twimg.com/media/GS8jT_ebMAE9IxV.png
https://pbs.twimg.com/media/GS8jT_cbEAAftGC.png
https://pbs.twimg.com/media/GS8jT_aakAAXlHw.png"
"1813976357568958784","#Day112🚀

 #DSA =&gt; Number of Good Leaf Nodes Pairs , Find Judges https://t.co/g3MbsoEJfa","en","Tweet","Shubhampawar4841","Shubhampawar484","69","0","0","0","3","0","2024-07-18 22:07:20","https://x.com/Shubhampawar484/status/1813976357568958784","<a href=""https://mobile.twitter.com"" rel=""nofollow"">Twitter Web App</a>","#Day112, #DSA","","photo","https://pbs.twimg.com/media/GSyJ34uaoAIyWMM.png
https://pbs.twimg.com/media/GSyJ34lbUAEv6om.png"
"1812885497108390150","#Day111🚀

#DSA =&gt; Find the Town Judge, Create Binary Tree From Descriptions
#Dev =&gt;Worked on Google Authentication on Next js Auth
#Dp =&gt; Subset Problem.
#Explore =&gt; Tonality. https://t.co/ys7v94NDrd","en","Tweet","Shubhampawar4841","Shubhampawar484","132","0","0","0","1","0","2024-07-15 21:52:38","https://x.com/Shubhampawar484/status/1812885497108390150","<a href=""https://mobile.twitter.com"" rel=""nofollow"">Twitter Web App</a>","#Day111, #DSA, #Dev, #Dp, #Explore","","photo","https://pbs.twimg.com/media/GSipvVgbsAApxiX.png
https://pbs.twimg.com/media/GSipvVbbUAAGakH.jpg
https://pbs.twimg.com/media/GSipvVeaYAAgsP8.png"
"1812503154195644720","#Day110🚀 

#DSA =&gt; Nothing for Today
#Dev =&gt; Cohort Continued with Project. Firebase Deployment.
#Dbms=&gt; Functional Dependencies and Normalisation.
#Explore =&gt; Imposter Syndrome Psychology https://t.co/YlnPCIsDwk","en","Tweet","Shubhampawar4841","Shubhampawar484","105","0","0","0","3","0","2024-07-14 20:33:21","https://x.com/Shubhampawar484/status/1812503154195644720","<a href=""https://mobile.twitter.com"" rel=""nofollow"">Twitter Web App</a>","#Day110, #DSA, #Dev, #Dbms, #Explore","","photo","https://pbs.twimg.com/media/GSdN_0UWUAAT-pe.png
https://pbs.twimg.com/media/GSdN_0YXMAAl6xw.jpg"
"1812500479341199807","#Day109🚀 

#DSA =&gt; Divide And Conquer Algorithms
#Dev =&gt; Cohort Continued with Project.
#Explore =&gt; 3 Body Problem Series Neflix https://t.co/TSvQ5yUw6I","en","Tweet","Shubhampawar4841","Shubhampawar484","273","2","0","0","7","0","2024-07-14 20:22:43","https://x.com/Shubhampawar484/status/1812500479341199807","<a href=""https://mobile.twitter.com"" rel=""nofollow"">Twitter Web App</a>","#Day109, #DSA, #Dev, #Explore","","photo","https://pbs.twimg.com/media/GSdLkYSWcAAo5pA.png
https://pbs.twimg.com/media/GSdLkYRXcAAEodJ.jpg"
"1812345800887783487","@DeepSalunkhee Keep it Up.","en","Reply","Shubhampawar4841","Shubhampawar484","27","0","0","0","1","0","2024-07-14 10:08:05","https://x.com/Shubhampawar484/status/1812345800887783487","<a href=""http://twitter.com/download/android"" rel=""nofollow"">Twitter for Android</a>","","","",""
"1811801179707568584","#Day108🚀 

#DSA =&gt;Find the Index of the First Occurrence in a String, Rotate Matrix
#Dev =&gt; Deployment of Social Media App https://t.co/LPODOz8y4m","en","Tweet","Shubhampawar4841","Shubhampawar484","83","0","0","0","2","0","2024-07-12 22:03:57","https://x.com/Shubhampawar484/status/1811801179707568584","<a href=""https://mobile.twitter.com"" rel=""nofollow"">Twitter Web App</a>","#Day108, #DSA, #Dev","","photo","https://pbs.twimg.com/media/GSTPjWCWQAgIdKI.png
https://pbs.twimg.com/media/GSTPjV1agAA1B7T.png"
"1811432329380044948","#Day107🚀 

#DSA =&gt;Reverse Substrings Between Each Pair of Parentheses
#Dev =&gt; Worked on Social Media Project https://t.co/eutNOWeIuU","en","Tweet","Shubhampawar4841","Shubhampawar484","87","0","0","0","3","0","2024-07-11 21:38:16","https://x.com/Shubhampawar484/status/1811432329380044948","<a href=""https://mobile.twitter.com"" rel=""nofollow"">Twitter Web App</a>","#Day107, #DSA, #Dev","","photo","https://pbs.twimg.com/media/GSOAFjHawAAN4F2.png
https://pbs.twimg.com/media/GSOAFi3bIAAesq0.png"
"1811071390919053398","#Day106🚀 

#DSA =&gt;Crawler Log Folder, Water Bottles.
#Dev =&gt; Worked on Social Media Project 
#Dp =&gt; Maximum Sum of Non-Adjacent Elements . 
#DBMS =&gt; Relational Model . 
#Explore =&gt; How Proprietary Software Works. https://t.co/DhB7x5dxGP","en","Tweet","Shubhampawar4841","Shubhampawar484","297","0","0","0","2","0","2024-07-10 21:44:02","https://x.com/Shubhampawar484/status/1811071390919053398","<a href=""https://mobile.twitter.com"" rel=""nofollow"">Twitter Web App</a>","#Day106, #DSA, #Dev, #Dp, #DBMS, #Explore","","photo","https://pbs.twimg.com/media/GSI30TNbwAAv6mp.png
https://pbs.twimg.com/media/GSI30TLaUAM3n1v.png
https://pbs.twimg.com/media/GSI30TRaUAQ4-PZ.jpg
https://pbs.twimg.com/media/GSI30TPagAABFYw.png"
"1810649585230242031","@codeMdSanto Cv","und","Reply","Shubhampawar4841","Shubhampawar484","10","0","0","0","1","0","2024-07-09 17:47:56","https://x.com/Shubhampawar484/status/1810649585230242031","<a href=""http://twitter.com/download/android"" rel=""nofollow"">Twitter for Android</a>","","","",""
"1810345985064784362","#Day105🚀 

#DSA =&gt;Find the Winner of the Circular Game
#Dev =&gt; Worked on Project
#Dp =&gt; Coin Problem. 
#Explore =&gt; Dividend Stocks of ITC. https://t.co/MG9XNEj8t5","en","Tweet","Shubhampawar4841","Shubhampawar484","209","0","0","0","1","0","2024-07-08 21:41:32","https://x.com/Shubhampawar484/status/1810345985064784362","<a href=""https://mobile.twitter.com"" rel=""nofollow"">Twitter Web App</a>","#Day105, #DSA, #Dev, #Dp, #Explore","","photo","https://pbs.twimg.com/media/GR-j_SgXQAA0KVJ.png
https://pbs.twimg.com/media/GR-j_SRXsAM84qV.jpg"
"1809974488831779168","@Prathamnow Will Watch.
Thanks for suggestions","en","Tweet","Shubhampawar4841","Shubhampawar484","10","0","0","0","0","0","2024-07-07 21:05:20","https://x.com/Shubhampawar484/status/1809974488831779168","<a href=""http://twitter.com/download/android"" rel=""nofollow"">Twitter for Android</a>","","","",""
"1809972822267310265","#Day104🚀 

#DSA =&gt;Find Encrypted String ,Generate Binary String without Adjacent Zereos
#Contest =&gt; LeetCode 2 Solved, GFG 3 Solved.
#Dev =&gt; Nothing
#Dp =&gt; Nothing
#DBMS =&gt; ER Model Continued.
#Explore =&gt; Micro-Service Architecture ,Neil deGrasse Tyson’s Sci-Fi Movie Tier List https://t.co/Rdm8PujDok","en","Tweet","Shubhampawar4841","Shubhampawar484","393","1","0","0","7","0","2024-07-07 20:58:43","https://x.com/Shubhampawar484/status/1809972822267310265","<a href=""https://mobile.twitter.com"" rel=""nofollow"">Twitter Web App</a>","#Day104, #DSA, #Contest, #Dev, #Dp, #DBMS, #Explore","","photo","https://pbs.twimg.com/media/GR5QngtaMAAXfFz.png
https://pbs.twimg.com/media/GR5QngmaoAEDnnk.png
https://pbs.twimg.com/media/GR5QngpboAACD0k.png
https://pbs.twimg.com/media/GR5QngobEAA2K22.jpg"
"1809938026895929493","#Day103🚀 

#DSA =&gt; Alternating Groups, Maximum Points after Enemy Battles.
#Contest =&gt; Leetcode 2 Solved.
#Dev =&gt; Cohort Continued , Last Part of AWS.
#Dp =&gt; Program for nth Catalan Number , Bell Number
#Aptitude =&gt; Work and Wages continued.
#DBMS =&gt; ER Model 
#Explore =&gt; ADHD https://t.co/ITpcgl2iEL","en","Tweet","Shubhampawar4841","Shubhampawar484","209","1","0","0","4","0","2024-07-07 18:40:27","https://x.com/Shubhampawar484/status/1809938026895929493","<a href=""https://mobile.twitter.com"" rel=""nofollow"">Twitter Web App</a>","#Day103, #DSA, #Contest, #Dev, #Dp, #Aptitude, #DBMS, #Explore","","photo","https://pbs.twimg.com/media/GR4xBakaQAAD8dx.png
https://pbs.twimg.com/media/GR4xBambQAAlvnL.jpg
https://pbs.twimg.com/media/GR4xBasasAAY_Kg.png"
"1809262577027105133","#Day102🚀 

#DSA =&gt; Find Minimum Area to Cover all in Ones 1 &amp; 2.
#Dev =&gt; Cohort Continued , Frontend Deployment on AWS.
#Dp =&gt; Learned Tabulation and Memoization, Climbing Stairs, Frog Jumps.
#Aptitude =&gt; Work and Wages.
#DBMS =&gt; Dbms and File-System.
#Explore =&gt; Confucianism. https://t.co/sd90fE5TOA","en","Tweet","Shubhampawar4841","Shubhampawar484","373","0","0","0","2","0","2024-07-05 21:56:27","https://x.com/Shubhampawar484/status/1809262577027105133","<a href=""https://mobile.twitter.com"" rel=""nofollow"">Twitter Web App</a>","#Day102, #DSA, #Dev, #Dp, #Aptitude, #DBMS, #Explore","","photo","https://pbs.twimg.com/media/GRvKs2xaMAE_z7t.png
https://pbs.twimg.com/media/GRvKs2waUAEC7oc.jpg
https://pbs.twimg.com/media/GRvKs24bMAAkBYV.png
https://pbs.twimg.com/media/GRvKs22bIAAIjIP.jpg"
"1808903361489744125","#Day101🚀 

#DSA =&gt; Merge Nodes in Between Zeros.
#Dev =&gt; Can't figure out Error in my Project.
#Dp =&gt; Theory Approaches in DP
#Explore =&gt; Number Theory. https://t.co/AnK9VvB4r8","en","Tweet","Shubhampawar4841","Shubhampawar484","339","0","0","0","5","0","2024-07-04 22:09:03","https://x.com/Shubhampawar484/status/1808903361489744125","<a href=""https://mobile.twitter.com"" rel=""nofollow"">Twitter Web App</a>","#Day101, #DSA, #Dev, #Dp, #Explore","","photo","https://pbs.twimg.com/media/GRqD_4NbMAEHdJb.png
https://pbs.twimg.com/media/GRqD_3-aUAESBcl.png
https://pbs.twimg.com/media/GRqD_38bMAI3wOs.png
https://pbs.twimg.com/media/GRqD_4FbMAQ28os.jpg"
"1808901234813981121","🚀 For the upcoming days, I’m diving into:
- Dynamic programming
- Advanced web development with Cohort 100Devs

🎯 Also exploring:
- DBMS
- Computer networks
- Operating systems
- System design
- Aptitude

Let’s level up! 💻🔥
#100Devs #WebDev #DynamicProgramming #TechJourney","en","Tweet","Shubhampawar4841","Shubhampawar484","95","0","0","0","1","0","2024-07-04 22:00:36","https://x.com/Shubhampawar484/status/1808901234813981121","<a href=""https://mobile.twitter.com"" rel=""nofollow"">Twitter Web App</a>","#100Devs, #WebDev, #DynamicProgramming, #TechJourney","","",""
"1808185031187485035","@DeepSalunkhee Basically they have their own Physical data centres and they have just outsource it.","en","Reply","Shubhampawar4841","Shubhampawar484","28","0","0","0","1","0","2024-07-02 22:34:40","https://x.com/Shubhampawar484/status/1808185031187485035","<a href=""http://twitter.com/download/android"" rel=""nofollow"">Twitter for Android</a>","","","",""
"1808170937633894649","Completed my #100DaysOfCode journey! 🚀

✅ 400+ Leetcode problems
✅ 3 Fullstack projects
✅ Contests on Leetcode, Coding Ninjas, GFG, Codechef
✅ Explored Next.js, TypeScript, ShadCN, Next.js Auth, Firebase, Cloudinary, PostgreSQL, AWS, Redis, Kafka
✅ Built a strong portfolio.","en","Tweet","Shubhampawar4841","Shubhampawar484","2439","4","0","0","21","1","2024-07-02 21:38:40","https://x.com/Shubhampawar484/status/1808170937633894649","<a href=""https://mobile.twitter.com"" rel=""nofollow"">Twitter Web App</a>","#100DaysOfCode","","",""
"1808158596812755373","#Day100🚀 

#DSA =&gt; Intersection of Two Arrays II.
#Dev =&gt; Cohort Continued, Project Continued with Createpost Page and Profile Page.
#Explore =&gt;Explore gRPC. https://t.co/qTxBSfx4KV","en","Tweet","Shubhampawar4841","Shubhampawar484","179","0","0","0","4","0","2024-07-02 20:49:38","https://x.com/Shubhampawar484/status/1808158596812755373","<a href=""https://mobile.twitter.com"" rel=""nofollow"">Twitter Web App</a>","#Day100, #DSA, #Dev, #Explore","","photo","https://pbs.twimg.com/media/GRfepeIb0AYdYLl.png
https://pbs.twimg.com/media/GRfepeGb0AMbg84.png
https://pbs.twimg.com/media/GRfepeKaYAEJyYp.png"
"1808103905743573270","@MuditManga1107 @goshromaa U should use it.","en","Reply","Shubhampawar4841","Shubhampawar484","6","0","0","0","1","0","2024-07-02 17:12:18","https://x.com/Shubhampawar484/status/1808103905743573270","<a href=""http://twitter.com/download/android"" rel=""nofollow"">Twitter for Android</a>","","","",""
"1807813665418305971","One word for Kalki 2898 AD : Goosebumps. 
Never seen a depiction of Mahabharat like this in Indian Cinema! 
#Kalki2898AD #Mahabharat #Goosebumps","en","Tweet","Shubhampawar4841","Shubhampawar484","395","0","0","0","1","0","2024-07-01 21:59:00","https://x.com/Shubhampawar484/status/1807813665418305971","<a href=""https://mobile.twitter.com"" rel=""nofollow"">Twitter Web App</a>","#Kalki2898AD, #Mahabharat, #Goosebumps","","",""
"1807811999147151721","#Day99🚀 

#DSA =&gt; Three Consecutive Odds.
#Dev =&gt; Cohort Continued, Project Continued with Error Page, Daisy UI Exploring and Implementing.
#Explore =&gt;Exploring Messages Queues. https://t.co/Gm83RbISDq","en","Tweet","Shubhampawar4841","Shubhampawar484","127","1","0","0","4","0","2024-07-01 21:52:22","https://x.com/Shubhampawar484/status/1807811999147151721","<a href=""https://mobile.twitter.com"" rel=""nofollow"">Twitter Web App</a>","#Day99, #DSA, #Dev, #Explore","","photo","https://pbs.twimg.com/media/GRajau5bsAEamXH.jpg
https://pbs.twimg.com/media/GRajau5awAAW4aX.png
https://pbs.twimg.com/media/GRajau1aYAAH-wR.png
https://pbs.twimg.com/media/GRajau1acAAmYcr.jpg"
"1807448125113774527","#Day98🚀 

#Dev =&gt; Cohort Continued, Project Continued,React in Pure Typescript Continued. 
#Explore =&gt; Payment Interface in Development. https://t.co/PVyH3R1KwI","en","Tweet","Shubhampawar4841","Shubhampawar484","126","0","0","0","3","0","2024-06-30 21:46:28","https://x.com/Shubhampawar484/status/1807448125113774527","<a href=""https://mobile.twitter.com"" rel=""nofollow"">Twitter Web App</a>","#Day98, #Dev, #Explore","","photo","https://pbs.twimg.com/media/GRVYeNwbUAAcD2H.jpg
https://pbs.twimg.com/media/GRVYeNwbUAET7hC.jpg
https://pbs.twimg.com/media/GRVYeNyaAAAcVtr.png"
"1807270212183658631","@DeepSalunkhee @LeetCode Facing same issue for past few days.","en","Reply","Shubhampawar4841","Shubhampawar484","40","0","0","0","2","0","2024-06-30 09:59:30","https://x.com/Shubhampawar484/status/1807270212183658631","<a href=""http://twitter.com/download/android"" rel=""nofollow"">Twitter for Android</a>","","","",""
"1807079331094827165","#Day97🚀 

#Dev =&gt; Cohort Continued, Project Continued, Nginx.
Started to Code React in Pure Typescript Now.
#Explore =&gt; Explore Mail proxy server features and TCP/UDP proxy server features. https://t.co/BLCO9J0ZDT","en","Tweet","Shubhampawar4841","Shubhampawar484","159","0","0","0","3","0","2024-06-29 21:21:01","https://x.com/Shubhampawar484/status/1807079331094827165","<a href=""https://mobile.twitter.com"" rel=""nofollow"">Twitter Web App</a>","#Day97, #Dev, #Explore","","photo","https://pbs.twimg.com/media/GRQJAYkbcAABRI0.jpg
https://pbs.twimg.com/media/GRQJAYpbwAAXpNe.png
https://pbs.twimg.com/media/GRQJAYkbsAAe-J2.png
https://pbs.twimg.com/media/GRQJAYoboAI2Um5.jpg"
"1806728844923306070","#Day96 🚀 

#DSA =&gt; Maximum Total Importance of Roads.
#Dev =&gt; Cohort Continued, Project Continued.
#Explore =&gt; Everything About REST Api's, MVC Folder Structures, Cms. https://t.co/yK2KZSQzPZ","en","Tweet","Shubhampawar4841","Shubhampawar484","166","0","0","0","4","0","2024-06-28 22:08:18","https://x.com/Shubhampawar484/status/1806728844923306070","<a href=""https://mobile.twitter.com"" rel=""nofollow"">Twitter Web App</a>","#Day96, #DSA, #Dev, #Explore","","photo","https://pbs.twimg.com/media/GRLKSi2bAAAp0fq.png
https://pbs.twimg.com/media/GRLKSjGbAAIqZjy.png
https://pbs.twimg.com/media/GRLKSjDboAA16Ea.jpg
https://pbs.twimg.com/media/GRLKSjHbUAAxKzE.png"
"1806390981698482519","#Day95 🚀 

#DSA =&gt;Find Center of Star Graph.
#Dev =&gt; Cohort Continued with AWS, 
Comtinued React and Firebase Project
#Explore =&gt; Git Terminologies. https://t.co/NBqrsfrZMe","en","Tweet","Shubhampawar4841","Shubhampawar484","192","0","0","0","7","0","2024-06-27 23:45:45","https://x.com/Shubhampawar484/status/1806390981698482519","<a href=""https://mobile.twitter.com"" rel=""nofollow"">Twitter Web App</a>","#Day95, #DSA, #Dev, #Explore","","photo","https://pbs.twimg.com/media/GRGWxIWWoAAIuih.png
https://pbs.twimg.com/media/GRGWxNfW0AAIWuF.jpg
https://pbs.twimg.com/media/GRGWxNdXoAAKjOH.jpg"
"1806004572948725794","#Day94 🚀 

#DSA =&gt;Balance a Binary Search Tree.
#Dev =&gt; Cohort Continued Learned Cloudflare. https://t.co/wvko3GBq6b","en","Tweet","Shubhampawar4841","Shubhampawar484","164","0","0","0","3","0","2024-06-26 22:10:18","https://x.com/Shubhampawar484/status/1806004572948725794","<a href=""https://mobile.twitter.com"" rel=""nofollow"">Twitter Web App</a>","#Day94, #DSA, #Dev","","photo","https://pbs.twimg.com/media/GRA3i4xXkAAr3cm.jpg
https://pbs.twimg.com/media/GRA3i49WAAEwjto.jpg
https://pbs.twimg.com/media/GRA3i4sWoAAzNOE.png"
"1805616908227555383","#Day93 🚀 

#DSA =&gt;Binary Search Tree to Greater Sum Tree, 
Completed Substring and Subsequences Problems.
 #Dev =&gt; Cohort Continued Learned to Use Elephant Sql.
Started Project with React and Firebase. https://t.co/yENOyzVjaS","en","Tweet","Shubhampawar4841","Shubhampawar484","160","0","0","0","3","0","2024-06-25 20:29:52","https://x.com/Shubhampawar484/status/1805616908227555383","<a href=""https://mobile.twitter.com"" rel=""nofollow"">Twitter Web App</a>","#Day93, #DSA, #Dev","","photo","https://pbs.twimg.com/media/GQ7W_OUXUAEjDN4.png
https://pbs.twimg.com/media/GQ7W_OVXoAAYwkD.png"
"1805285473423671312","#Day92 🚀 

#DSA =&gt; Binary String and Some Substring and Subsequnces Going on.
#Dev =&gt; Playling with Postgresql and Prisma Orm. https://t.co/XsTOjwhzGH","en","Tweet","Shubhampawar4841","Shubhampawar484","163","0","0","0","5","0","2024-06-24 22:32:52","https://x.com/Shubhampawar484/status/1805285473423671312","<a href=""https://mobile.twitter.com"" rel=""nofollow"">Twitter Web App</a>","#Day92, #DSA, #Dev","","photo","https://pbs.twimg.com/media/GQ2pjXxXoAAMDr9.jpg
https://pbs.twimg.com/media/GQ2pjXuXoAA3pP4.png
https://pbs.twimg.com/media/GQ2pjXsWMAAmLQt.png
https://pbs.twimg.com/media/GQ2pjX5XQAAYcpK.jpg"
"1805159469783085400","I’ve gained over 300 followers on Twitter in the past 1 month by sharing my work! 
This Community is Insane.
#Grateful #TwitterGrowth","en","Tweet","Shubhampawar4841","Shubhampawar484","172","0","0","0","5","0","2024-06-24 14:12:10","https://x.com/Shubhampawar484/status/1805159469783085400","<a href=""http://twitter.com/download/android"" rel=""nofollow"">Twitter for Android</a>","#Grateful, #TwitterGrowth","","",""
"1804902050397819071","#Day91 🚀 

#DSA =&gt; Longest Continuous Subarray With Absolute Diff Less Than or Equal to Limit
#Dev =&gt; Cohort Continued Deep Dive into Dockers. #Contest =&gt; GFG 2 Solved. https://t.co/MVeNpYNFMp","en","Tweet","Shubhampawar4841","Shubhampawar484","171","0","0","0","5","0","2024-06-23 21:09:16","https://x.com/Shubhampawar484/status/1804902050397819071","<a href=""https://mobile.twitter.com"" rel=""nofollow"">Twitter Web App</a>","#Day91, #DSA, #Dev, #Contest","","photo","https://pbs.twimg.com/media/GQxM0v4WUAApJ1d.png
https://pbs.twimg.com/media/GQxM0vwXQAEvro7.jpg
https://pbs.twimg.com/media/GQxM0v5XUAAWlhv.jpg
https://pbs.twimg.com/media/GQxM0v4XoAEUyf6.png"
"1804534543673696306","@MuditManga1107 All the Best for u r Journey👋","en","Reply","Shubhampawar4841","Shubhampawar484","10","0","0","0","0","0","2024-06-22 20:48:56","https://x.com/Shubhampawar484/status/1804534543673696306","<a href=""https://mobile.twitter.com"" rel=""nofollow"">Twitter Web App</a>","","","",""
"1804534160205250808","#Day90 🚀 

#DSA =&gt; Count Number of Nice Subarrays.
#Dev =&gt; Cohort Continued Deep Dive into Dockers.
#Explore =&gt; These StarTalk videos are getting interesting day by day.
Going to Start Revision of Arrays and String For Next Couple of Days. https://t.co/HyE7rdxPJc","en","Tweet","Shubhampawar4841","Shubhampawar484","190","0","0","0","5","0","2024-06-22 20:47:25","https://x.com/Shubhampawar484/status/1804534160205250808","<a href=""https://mobile.twitter.com"" rel=""nofollow"">Twitter Web App</a>","#Day90, #DSA, #Dev, #Explore","","photo","https://pbs.twimg.com/media/GQr-OG2X0AAP4Hj.png
https://pbs.twimg.com/media/GQr-OG3XcAA-INC.jpg
https://pbs.twimg.com/media/GQr-OG1WcAABp-_.jpg
https://pbs.twimg.com/media/GQr-OGvWYAAHiJD.jpg"
"1803829664948928913","#Day88 🚀 

#DSA =&gt; LeetCode: Magnetic Force Between Two Balls
#Contest =&gt; Coding Ninjas 2 Solved.
Incremental Jumps and Odd Sum. https://t.co/wubjUoTD0d","en","Tweet","Shubhampawar4841","Shubhampawar484","186","1","0","0","6","0","2024-06-20 22:08:00","https://x.com/Shubhampawar484/status/1803829664948928913","<a href=""https://mobile.twitter.com"" rel=""nofollow"">Twitter Web App</a>","#Day88, #DSA, #Contest","","photo","https://pbs.twimg.com/media/GQh9dCrW4AIMsge.png
https://pbs.twimg.com/media/GQh9dCrW4AEJyMR.png
https://pbs.twimg.com/media/GQh9dCrWQAAxOsW.png
https://pbs.twimg.com/media/GQh9dCrXsAAetVb.png"
"1803125688582484365","#Day87 🚀 

#DSA =&gt;Most Profit Assigning Work.
(Nothing for Today) https://t.co/lgv2ug2oJR","en","Tweet","Shubhampawar4841","Shubhampawar484","162","0","0","0","3","0","2024-06-18 23:30:39","https://x.com/Shubhampawar484/status/1803125688582484365","<a href=""https://mobile.twitter.com"" rel=""nofollow"">Twitter Web App</a>","#Day87, #DSA","","photo","https://pbs.twimg.com/media/GQX9NCeW0AA7pIQ.png"
"1802718424960778354","#Day86 🚀 

#DSA =&gt; LeetCode: Sum of Square Numbers
#Dev =&gt; Cohort 100devs Continued : Docker Intro.
#Explore =&gt; Explore Some Features of Git and Github from Github Docs of @Hiteshdotcom which is https://t.co/o2JGToT8OZ is Literally Game Changer. https://t.co/GJdA7aPgS6","en","Tweet","Shubhampawar4841","Shubhampawar484","167","0","0","0","3","0","2024-06-17 20:32:20","https://x.com/Shubhampawar484/status/1802718424960778354","<a href=""https://mobile.twitter.com"" rel=""nofollow"">Twitter Web App</a>","#Day86, #DSA, #Dev, #Explore","https://docs.chaicode.com","photo","https://pbs.twimg.com/media/GQSK1VJW8AAKooz.png
https://pbs.twimg.com/media/GQSK1VkWEAAvC1I.jpg
https://pbs.twimg.com/media/GQSK1VmXEAAlcAg.png"
"1802359447810916531","#Day85 🚀 

#DSA =&gt; LeetCode: Patching Array (After Long time hard qs)
#Dev =&gt; Cohort 100devs Continued : Aws.
#Contest =&gt; GFG Contest 3 Solved with 357 , Finally Became 4 star coder. https://t.co/iNHDMw12V1","en","Tweet","Shubhampawar4841","Shubhampawar484","194","0","0","0","3","0","2024-06-16 20:45:53","https://x.com/Shubhampawar484/status/1802359447810916531","<a href=""https://mobile.twitter.com"" rel=""nofollow"">Twitter Web App</a>","#Day85, #DSA, #Dev, #Contest","","photo","https://pbs.twimg.com/media/GQNEWWzWMAAjKlE.jpg
https://pbs.twimg.com/media/GQNEWWyWMAEyuPH.png
https://pbs.twimg.com/media/GQNEWW3WcAAajya.jpg
https://pbs.twimg.com/media/GQNEWW0WsAAGlgv.png"
"1802227895605318009","⚛️ React.js Features⚛️

1. Component-Based 🧩
2. Virtual DOM 🖥️
3. JSX Syntax 📝
4. One-Way Binding 🔄
5. Declarative UI 🌐
6. Reusable Components ♻️
7. Performance 🚀
8. Hooks API 🪝
9. Context API 📡
10. React Native 📱
11. Server-Side Rendering 🌍

#ReactJS #WebDev #JavaScript","en","Tweet","Shubhampawar4841","Shubhampawar484","223","0","0","0","2","0","2024-06-16 12:03:08","https://x.com/Shubhampawar484/status/1802227895605318009","<a href=""http://twitter.com/download/android"" rel=""nofollow"">Twitter for Android</a>","#ReactJS, #WebDev, #JavaScript","","",""
"1802226482221371848","🍃 MongoDB Features 🍃

1. Document-Oriented 📄
2. Schema Flexibility 🔄
3. Indexing 🔍
4. Replication 🔄
5. Sharding 🧩
6. Aggregation Framework 📊
7. Ad Hoc Queries 📝
8.GridFS 📁
9. Change Streams 🔔
10.Geospatial Indexing 🗺️
11. Full-Text Search 🔠

#MongoDB #Databases #TECH","en","Tweet","Shubhampawar4841","Shubhampawar484","170","0","0","0","1","0","2024-06-16 11:57:31","https://x.com/Shubhampawar484/status/1802226482221371848","<a href=""http://twitter.com/download/android"" rel=""nofollow"">Twitter for Android</a>","#MongoDB, #Databases, #TECH","","",""
"1802018573763620898","""Once you start with Next.js, there's no way back to React. I repeat, no way back.""","en","Tweet","Shubhampawar4841","Shubhampawar484","170","0","0","0","2","0","2024-06-15 22:11:22","https://x.com/Shubhampawar484/status/1802018573763620898","<a href=""https://mobile.twitter.com"" rel=""nofollow"">Twitter Web App</a>","","","",""
"1802017849134702889","#Day84 🚀 

#DSA =&gt; Completed String Algorithms :Knuth-Morris-Pratt (KMP) Algorithm ,Rabin-Karp Algorithm.
#Dev =&gt; Blogg App Deployment (Getting Error).
#Explore =&gt; Database Sharding in System Design. https://t.co/YiOFqmbynZ","en","Tweet","Shubhampawar4841","Shubhampawar484","180","0","0","0","2","0","2024-06-15 22:08:29","https://x.com/Shubhampawar484/status/1802017849134702889","<a href=""https://mobile.twitter.com"" rel=""nofollow"">Twitter Web App</a>","#Day84, #DSA, #Dev, #Explore","","photo","https://pbs.twimg.com/media/GQINqfpWQAEo2sn.png
https://pbs.twimg.com/media/GQINqftXgAAV2F-.png
https://pbs.twimg.com/media/GQINqfiWUAEqLhQ.png"
"1801674675803582592","#Day83🚀

#DSA =&gt; Minimum Increment to Make Array Unique.  
#Dev =&gt; Cohort 100devs Continued.  
#Explore =&gt; Next Js Projects. https://t.co/pmQGWU90ea","en","Tweet","Shubhampawar4841","Shubhampawar484","196","0","0","0","7","0","2024-06-14 23:24:50","https://x.com/Shubhampawar484/status/1801674675803582592","<a href=""https://mobile.twitter.com"" rel=""nofollow"">Twitter Web App</a>","#Day83, #DSA, #Dev, #Explore","","photo","https://pbs.twimg.com/media/GQDViyvWsAA3Wyz.png
https://pbs.twimg.com/media/GQDViyuWwAAregU.jpg
https://pbs.twimg.com/media/GQDViywXYAAoMr5.jpg"
"1801293445652267111","#Day82 
 
 #DSA =&gt; Minimum Number of Moves to Seat Everyone
 #Dev =&gt; Firebase Features , Cohort 100devs Continued.
 #Contest=&gt; Coding Ninjas Contest 3 Solved with Rank 206th.
#Explore =&gt; System Design for Database Schema. https://t.co/s5SCz06F6S","en","Tweet","Shubhampawar4841","Shubhampawar484","211","0","0","0","2","0","2024-06-13 22:09:58","https://x.com/Shubhampawar484/status/1801293445652267111","<a href=""https://mobile.twitter.com"" rel=""nofollow"">Twitter Web App</a>","#Day82, #DSA, #Dev, #Contest, #Explore","","photo","https://pbs.twimg.com/media/GP960n0WkAAZZDu.jpg
https://pbs.twimg.com/media/GP960n9WoAAC_g2.jpg
https://pbs.twimg.com/media/GP960n1XIAA3pk_.png
https://pbs.twimg.com/media/GP960nzWYAAkqkq.png"
"1800931446338502907","#Day81 🚀 

#DSA =&gt; Sort Colors
#Dev =&gt;Cohort 100devs Continued. 
#Explore =&gt; Api Gateways. https://t.co/GybOOnCPu0","ca","Tweet","Shubhampawar4841","Shubhampawar484","236","0","0","0","3","0","2024-06-12 22:11:31","https://x.com/Shubhampawar484/status/1800931446338502907","<a href=""https://mobile.twitter.com"" rel=""nofollow"">Twitter Web App</a>","#Day81, #DSA, #Dev, #Explore","","photo","https://pbs.twimg.com/media/GP4xlI0WQAER2gN.jpg
https://pbs.twimg.com/media/GP4xlI0WQAgNaTe.png
https://pbs.twimg.com/media/GP4xlI1WQAI88Io.jpg"
"1800771937939116107","My Github Account Has been Flagged as Spam for 3 Weeks Now , 
I have also Send my problem to Github Support , But still no response .
Can Anyone Suggest me What to do ?
#Github
#GithubSupport","en","Tweet","Shubhampawar4841","Shubhampawar484","284","3","0","0","3","0","2024-06-12 11:37:41","https://x.com/Shubhampawar484/status/1800771937939116107","<a href=""https://mobile.twitter.com"" rel=""nofollow"">Twitter Web App</a>","#Github, #GithubSupport","","",""
"1800770739345531071","#Day80 🚀 

#DSA =&gt; LeetCode: Relative Sort Array
#Dev =&gt; Started FCC Responsive Certificate Challenge , 
Cohort 100devs Continued.
#Explore =&gt; Exploring Various String Intuition for Optimization of Strings Problems. https://t.co/9ElscQW4mL","en","Tweet","Shubhampawar4841","Shubhampawar484","159","0","0","0","1","0","2024-06-12 11:32:55","https://x.com/Shubhampawar484/status/1800770739345531071","<a href=""https://mobile.twitter.com"" rel=""nofollow"">Twitter Web App</a>","#Day80, #DSA, #Dev, #Explore","","photo","https://pbs.twimg.com/media/GP2etTbXQAELZpF.jpg
https://pbs.twimg.com/media/GP2etTYX0AAbsVZ.jpg
https://pbs.twimg.com/media/GP2etTZXgAASRgK.jpg
https://pbs.twimg.com/media/GP2etTUW4AEyka7.png"
"1800201317929144546","#Day79 🚀 

#DSA =&gt; LeetCode:  Height Checker.
(Striver-Recursion)=&gt;3 Solved Medium. 
#Dev =&gt; Next Js Pagination and Pre-Rendering.
#Explore =&gt; REST Api's Beautifully Explained By RedHat. https://t.co/hDlOAziYed","en","Tweet","Shubhampawar4841","Shubhampawar484","191","1","0","0","3","0","2024-06-10 21:50:14","https://x.com/Shubhampawar484/status/1800201317929144546","<a href=""https://mobile.twitter.com"" rel=""nofollow"">Twitter Web App</a>","#Day79, #DSA, #Dev, #Explore","","photo","https://pbs.twimg.com/media/GPuY4_CWsAAanIS.png
https://pbs.twimg.com/media/GPuY4_KXoAQlZRw.png
https://pbs.twimg.com/media/GPuY4_FWUAAS5lF.png
https://pbs.twimg.com/media/GPuY4_GXoAI1tMf.png"
"1799833530232652159","#Day78 🚀 

#DSA =&gt; LeetCode: Subarray Sums Divisible by K .  (Striver-Recursion)=&gt; 4 Solved
#Dev =&gt; FireBase with Next Js.
#Explore =&gt; KMP Algorithm. https://t.co/YwQnVFxl3Z","en","Tweet","Shubhampawar4841","Shubhampawar484","174","0","0","0","3","0","2024-06-09 21:28:47","https://x.com/Shubhampawar484/status/1799833530232652159","<a href=""https://mobile.twitter.com"" rel=""nofollow"">Twitter Web App</a>","#Day78, #DSA, #Dev, #Explore","","photo","https://pbs.twimg.com/media/GPpKYzOWsAA7_dJ.png
https://pbs.twimg.com/media/GPpKYy_WoAAVyq2.png
https://pbs.twimg.com/media/GPpKYzSX0AAX99S.png"
"1799502691942437187","#Day77 🚀 

#DSA =&gt; LeetCode: Contiguous Array, Find Common Characters ,Continuous Subarray Sum.
 (Striver-Recursion)=&gt;Permutations And Combination Sum
#Dev =&gt; FireBase: Authentication , Google Auth , Real Time Database ,FireStore.
#Explore =&gt; Apache Kafka. https://t.co/xcgen2bAIh","en","Tweet","Shubhampawar4841","Shubhampawar484","176","0","0","0","2","0","2024-06-08 23:34:09","https://x.com/Shubhampawar484/status/1799502691942437187","<a href=""https://mobile.twitter.com"" rel=""nofollow"">Twitter Web App</a>","#Day77, #DSA, #Dev, #Explore","","photo","https://pbs.twimg.com/media/GPkcXQTWQAAw5xF.png
https://pbs.twimg.com/media/GPkcXQZXgAAKg8r.png
https://pbs.twimg.com/media/GPkcXQOXkAA_A1E.png
https://pbs.twimg.com/media/GPkd3g9WkAAwUTo.png"
"1799136338937012415","#Day76 🚀 

#DSA =&gt; Recursion : Generate all Binary Strings , Parenthesis and Subsequences.
GFG =&gt;Maximum occured integer.
#Dev =&gt; Profile Detail Section
#Explore =&gt; Learn About SMTP in Detail. https://t.co/BAqYOWN0kO","en","Tweet","Shubhampawar4841","Shubhampawar484","88","0","0","0","3","0","2024-06-07 23:18:24","https://x.com/Shubhampawar484/status/1799136338937012415","<a href=""https://mobile.twitter.com"" rel=""nofollow"">Twitter Web App</a>","#Day76, #DSA, #Dev, #Explore","","photo","https://pbs.twimg.com/media/GPfQShEXMAAJ8Fw.jpg
https://pbs.twimg.com/media/GPfQShDW0AAFWEo.png
https://pbs.twimg.com/media/GPfQShAWYAA7GAF.png
https://pbs.twimg.com/media/GPfQShEWMAA4Icj.png"
"1798768648007585945","#Day75 🚀 

#DSA =&gt; LeetCode : Hands on Straight.
(Striver-Recursion)=&gt;AtoI ,Reverse a stack using recursion , Count Good numbers , Pow(x, n), Sort Stack. 
#Dev =&gt; Profile Section of Blogg , 
Zustand State Management Intro .
#Explore =&gt; Learn About How ServerLess Backend Works. https://t.co/nFFFTO2DdQ","en","Tweet","Shubhampawar4841","Shubhampawar484","135","1","0","0","3","0","2024-06-06 22:57:19","https://x.com/Shubhampawar484/status/1798768648007585945","<a href=""https://mobile.twitter.com"" rel=""nofollow"">Twitter Web App</a>","#Day75, #DSA, #Dev, #Explore","","photo","https://pbs.twimg.com/media/GPaAZLBa0AMa3q5.png
https://pbs.twimg.com/media/GPaAZK_bEAAk8sW.jpg
https://pbs.twimg.com/media/GPaAZLDa0AE2y39.png
https://pbs.twimg.com/media/GPaAZLAa0AEsqCB.png"
"1798373347333685387","#Day74🚀   

#DSA =&gt; LeetCode : Find Common Character.  Going to 
  Revise Recursion and Backtracking. 
#Dev =&gt; Optimized Menu Section of Blogg App. 
#Explore =&gt;Redis APIs , Reverse Proxy vs API Gateway vs  
  Load Balancer . 
#Reading =&gt; Sapiens : 1.2 The Tree of Knowledge . https://t.co/iiedCp3lTn","en","Tweet","Shubhampawar4841","Shubhampawar484","139","0","0","0","1","0","2024-06-05 20:46:32","https://x.com/Shubhampawar484/status/1798373347333685387","<a href=""https://mobile.twitter.com"" rel=""nofollow"">Twitter Web App</a>","#Day74, #DSA, #Dev, #Explore, #Reading","","photo","https://pbs.twimg.com/media/GPUaxlHWIAAPyYz.png
https://pbs.twimg.com/media/GPUaxlJWwAAI7km.jpg
https://pbs.twimg.com/media/GPUaxlCW0AAhUrp.png
https://pbs.twimg.com/media/GPUaxlOWQAA3AsT.png"
"1798016353594696152","#Day73🚀 

#DSA =&gt; LeetCode : Longest Palindrome . 
#Dev =&gt; Implemented Context Api in Blogg App.
#Explore =&gt; API Security : ,Https ,OAuth2 ,WebAuthn , Authorization ,Leveled API Keys ,Rate Limiting ,Allow Listing,OWASP Security Risks,API Gateway,Error Handling,Input Validation. https://t.co/9WtEm9I5kn","en","Tweet","Shubhampawar4841","Shubhampawar484","161","0","0","0","3","0","2024-06-04 21:07:58","https://x.com/Shubhampawar484/status/1798016353594696152","<a href=""https://mobile.twitter.com"" rel=""nofollow"">Twitter Web App</a>","#Day73, #DSA, #Dev, #Explore","","photo","https://pbs.twimg.com/media/GPPVI5mWMAAZXZb.jpg
https://pbs.twimg.com/media/GPPVI5lXwAENfqa.jpg
https://pbs.twimg.com/media/GPPVI5kWcAAJG6d.png
https://pbs.twimg.com/media/GPPVI5fWIAA5Kq2.png"
"1797669934069424494","#Day72 🚀 

#DSA =&gt; LeetCode : Append Characters to String to Make 
  Subsequence.
  Re-attempted Striver Maths Playlist.
#Dev =&gt; Learn How to use Multer in my Blogg 
  App.
#Explore =&gt; System Design of JWT.
#Reading =&gt; Sapiens 
  Completed 1.1- An Animal of No Significance https://t.co/s22VHyuosl","en","Tweet","Shubhampawar4841","Shubhampawar484","141","0","0","0","2","0","2024-06-03 22:11:26","https://x.com/Shubhampawar484/status/1797669934069424494","<a href=""https://mobile.twitter.com"" rel=""nofollow"">Twitter Web App</a>","#Day72, #DSA, #Dev, #Explore, #Reading","","photo","https://pbs.twimg.com/media/GPKZX4xWUAAmxda.png
https://pbs.twimg.com/media/GPKZX4cXYAAvBIr.png
https://pbs.twimg.com/media/GPKZX4cXYAUlDO7.png
https://pbs.twimg.com/media/GPKZX4mXYAgSiWp.jpg"
"1797325873063854169","#Day71 🚀 

#DSA =&gt; LeetCode : SubSet - 2 ( Backtracking).
#Dev =&gt; PostgreSql- Backend Features.
#Contest =&gt; GFG Contest 3 Solved with 1403 Rank .
#Dbms =&gt; Data Abstraction and Independence .
#Explore =&gt; Learn About How HyperInflation Affects the Economy. https://t.co/8gpMKLBrk6","en","Tweet","Shubhampawar4841","Shubhampawar484","146","0","0","0","1","0","2024-06-02 23:24:15","https://x.com/Shubhampawar484/status/1797325873063854169","<a href=""https://mobile.twitter.com"" rel=""nofollow"">Twitter Web App</a>","#Day71, #DSA, #Dev, #Contest, #Dbms, #Explore","","photo","https://pbs.twimg.com/media/GPFgsSbXEAAULM5.png
https://pbs.twimg.com/media/GPFgsSkXcAAPSQH.png
https://pbs.twimg.com/media/GPFgsShXQAA0VIp.png
https://pbs.twimg.com/media/GPFhluEXYAA-htL.png"
"1796603496449573356","#Day70 🚀 

#DSA =&gt; Single Number 3 .
 2 Month Consistent on LeetCode. 
#Explore =&gt; The Real Trap of Consumerism. https://t.co/ks2kpceNu6","en","Tweet","Shubhampawar4841","Shubhampawar484","135","1","0","0","2","0","2024-05-31 23:33:47","https://x.com/Shubhampawar484/status/1796603496449573356","<a href=""https://mobile.twitter.com"" rel=""nofollow"">Twitter Web App</a>","#Day70, #DSA, #Explore","","photo","https://pbs.twimg.com/media/GO7QuIaaAAQ6OKf.png
https://pbs.twimg.com/media/GO7QuIYaAAAH2pV.png
https://pbs.twimg.com/media/GO7QuIaaAAADIti.jpg"
"1796244586601529391","#Day69 🚀 

#DSA =&gt; Count Triplets That Can Form Two Arrays of Equal XOR. 
#Dev =&gt; Next Js  Client Side Data Fetching  
#Explore =&gt; Galaxies Beyond Our Horizon - Neil deGrasse https://t.co/ZBfp0gKmdi","en","Tweet","Shubhampawar4841","Shubhampawar484","133","0","0","0","4","0","2024-05-30 23:47:36","https://x.com/Shubhampawar484/status/1796244586601529391","<a href=""https://mobile.twitter.com"" rel=""nofollow"">Twitter Web App</a>","#Day69, #DSA, #Dev, #Explore","","photo","https://pbs.twimg.com/media/GO2KUXRbsAAnbxn.png
https://pbs.twimg.com/media/GO2KUXQaQAMcqLz.jpg
https://pbs.twimg.com/media/GO2KUXRaUAArYPF.jpg
https://pbs.twimg.com/media/GO2KUXPaQAYqh4J.jpg"
"1795854704385183792","#Day68 🚀 

#DSA =&gt; Number of Steps to Reduce a Number in Binary Representation to One .
#Explore =&gt; How Private Equity Consumed America . https://t.co/o3PDiHmg0w","en","Tweet","Shubhampawar4841","Shubhampawar484","142","1","0","0","4","0","2024-05-29 21:58:21","https://x.com/Shubhampawar484/status/1795854704385183792","<a href=""https://mobile.twitter.com"" rel=""nofollow"">Twitter Web App</a>","#Day68, #DSA, #Explore","","photo","https://pbs.twimg.com/media/GOwn0v5bIAAWJRf.png
https://pbs.twimg.com/media/GOwn0v7awAAPjXR.jpg"
"1795499387420053977","#Day67 🚀 
#DSA =&gt; Get Equal Substring with Budget , Assign 
 Cookies.
#Dev =&gt; Next Js Static Rendering 
#Explore =&gt; How Ocean Shipping Works =&gt; Maersk ,MSC , EverGreen https://t.co/dkU4vtB9Sr","en","Tweet","Shubhampawar4841","Shubhampawar484","160","1","0","0","2","0","2024-05-28 22:26:27","https://x.com/Shubhampawar484/status/1795499387420053977","<a href=""https://mobile.twitter.com"" rel=""nofollow"">Twitter Web App</a>","#Day67, #DSA, #Dev, #Explore","","photo","https://pbs.twimg.com/media/GOrkKIabgAAKx--.png
https://pbs.twimg.com/media/GOrkKIXakAI6Mry.png
https://pbs.twimg.com/media/GOrkKIaakAMqG2r.jpg
https://pbs.twimg.com/media/GOrkUp3bcAAefL8.jpg"
"1794765820054352147","#Day66 🚀

#Contest=&gt; Leetcode: 3 Solved, GFG: 3 Solved.
LeetCode =&gt; Find the Number of Good Pairs I, String Compression III, Find the Number of Good Pairs II
GFG Contest =&gt; Geekland Elections, Geekland Fair, Strong Indices
#Dev =&gt;   Completed Blog App Project https://t.co/htCGsuxddc","en","Tweet","Shubhampawar4841","Shubhampawar484","193","0","1","0","0","0","2024-05-26 21:51:31","https://x.com/Shubhampawar484/status/1794765820054352147","<a href=""https://mobile.twitter.com"" rel=""nofollow"">Twitter Web App</a>","#Day66, #Contest, #Dev","","photo","https://pbs.twimg.com/media/GOhIaW1aQAAlvGb.png
https://pbs.twimg.com/media/GOhIaW1a8AABhak.jpg
https://pbs.twimg.com/media/GOhIaWzaAAEoTuN.png
https://pbs.twimg.com/media/GOhIaW3aYAAv-Ve.png"
"1794417383366627618","#Day65🚀
#DSA: 📷LeetCode -Find the XOR of Numbers Which Appear Twice, Find Occurrences of an Element in an Array , Find the Number of Distinct Colors Among the Balls.
#Contest =&gt; 3 LeetCode  Solved https://t.co/VZ9S7UoBRi","en","Tweet","Shubhampawar4841","Shubhampawar484","84","0","0","0","1","0","2024-05-25 22:46:57","https://x.com/Shubhampawar484/status/1794417383366627618","<a href=""https://mobile.twitter.com"" rel=""nofollow"">Twitter Web App</a>","#Day65, #DSA, #Contest","","photo","https://pbs.twimg.com/media/GOcL-4JaAAA3MI0.png
https://pbs.twimg.com/media/GOcL-4JbIAA6JBk.png
https://pbs.twimg.com/media/GOcL-4Ja8AEps1B.png
https://pbs.twimg.com/media/GOcL-4La8AA4wX1.png"
"1794061052931624988","#Day64🚀 
#DSA: 📷LeetCode - Sum of Digit Differences of All Pairs
#DEV: Next JS Streaming
#Documentary: The Housing Bubble. https://t.co/bA5AMDhfod","en","Tweet","Shubhampawar4841","Shubhampawar484","83","0","0","0","0","0","2024-05-24 23:11:01","https://x.com/Shubhampawar484/status/1794061052931624988","<a href=""https://mobile.twitter.com"" rel=""nofollow"">Twitter Web App</a>","#Day64, #DSA, #DEV, #Documentary","","photo","https://pbs.twimg.com/media/GOXIitQacAI1DJQ.jpg
https://pbs.twimg.com/media/GOXIitRbQAAWqwP.jpg
https://pbs.twimg.com/media/GOXIit1WsAEfr7P.jpg
https://pbs.twimg.com/media/GOXIitLbIAAKmlN.png"
"1793689108231168356","#Day63🚀 
#DSA: 📷LeetCode - The Number of Beautiful Subsets #New: Computer Networks .
#Contest: Coding Ninjas: Solved 3 , Got 61 Rank . https://t.co/h1DgR5spE0","en","Tweet","Shubhampawar4841","Shubhampawar484","81","0","0","0","2","0","2024-05-23 22:33:03","https://x.com/Shubhampawar484/status/1793689108231168356","<a href=""https://mobile.twitter.com"" rel=""nofollow"">Twitter Web App</a>","#Day63, #DSA, #New, #Contest","","photo","https://pbs.twimg.com/media/GOR2LXJa8AEJOji.jpg
https://pbs.twimg.com/media/GOR2LXJb0AEx1ly.png
https://pbs.twimg.com/media/GOR2LXLaUAAZm6r.png"
"1793323379300389204","#Day62🚀
#DSA: 🎯LeetCode - Palindrome Partitioning.
#New: Started Dynamic Programming Series by Striver with 2 ques.
#Contest: CodeChef - Solved 4 problems for the first time! https://t.co/Du4xrEI7bY","en","Tweet","Shubhampawar4841","Shubhampawar484","91","0","0","0","1","0","2024-05-22 22:19:46","https://x.com/Shubhampawar484/status/1793323379300389204","<a href=""https://mobile.twitter.com"" rel=""nofollow"">Twitter Web App</a>","#Day62, #DSA, #New, #Contest","","photo","https://pbs.twimg.com/media/GOMpCecb0AIJqFh.png
https://pbs.twimg.com/media/GOMpCeeb0AMn1ob.png
https://pbs.twimg.com/media/GOMpCecaoAAMRdq.png
https://pbs.twimg.com/media/GOMpCefb0AQUhws.png"
"1792969126169981066","#Day61 
#DSA=&gt; 🎯LeetCode :Subsets.
 #Dev=&gt; ShadCn UI. https://t.co/jBfxE5AGiU","nl","Tweet","Shubhampawar4841","Shubhampawar484","68","0","0","0","1","0","2024-05-21 22:52:06","https://x.com/Shubhampawar484/status/1792969126169981066","<a href=""https://mobile.twitter.com"" rel=""nofollow"">Twitter Web App</a>","#Day61, #DSA, #Dev","","photo","https://pbs.twimg.com/media/GOHn5LeasAcI__b.png
https://pbs.twimg.com/media/GOHn5LhaIAAS5s8.png"
"1792242446019203390","#Day60
#DSA=&gt; 🎯LeetCode : Special Array 1.
GeeksForGeeks Weekly Contest 2 Solved . https://t.co/NO6LDXa3mi","en","Tweet","Shubhampawar4841","Shubhampawar484","71","0","0","0","2","0","2024-05-19 22:44:32","https://x.com/Shubhampawar484/status/1792242446019203390","<a href=""https://mobile.twitter.com"" rel=""nofollow"">Twitter Web App</a>","#Day60, #DSA","","photo","https://pbs.twimg.com/media/GN9PJwlaAAAo8Gx.png
https://pbs.twimg.com/media/GN9PJwja0AAuDMW.png
https://pbs.twimg.com/media/GN9PJwjbcAA94pF.png"
"1791866253403169140","#Day58
 #DSA=&gt; 🎯LeetCode :Distribute Coins in Binary Tree
#Dev=&gt; Blog App Last Stage. https://t.co/yMD8meqrun","en","Tweet","Shubhampawar4841","Shubhampawar484","69","0","0","0","1","0","2024-05-18 21:49:40","https://x.com/Shubhampawar484/status/1791866253403169140","<a href=""https://mobile.twitter.com"" rel=""nofollow"">Twitter Web App</a>","#Day58, #DSA, #Dev","","photo","https://pbs.twimg.com/media/GN38fPVaMAAPGiA.png
https://pbs.twimg.com/media/GN38fPWbIAA5OvF.png
https://pbs.twimg.com/media/GN38fPXagAI9ojl.jpg"
"1791564128483520537","5. CMS Platform Examples:

• Content Hub 
• WordPress 
• Joomla 
• Drupal 
• Magento 
• Webflow 
• Ghost 
• Sitecore https://t.co/UtFl0WhC3t","en","Reply","Shubhampawar4841","Shubhampawar484","83","0","0","0","2","0","2024-05-18 01:49:08","https://x.com/Shubhampawar484/status/1791564128483520537","<a href=""https://mobile.twitter.com"" rel=""nofollow"">Twitter Web App</a>","","","photo","https://pbs.twimg.com/media/GNzqEQoakAA1eR8.jpg"
"1791563718129582232","4 Why Use a CMS?

• No coding knowledge required.
• Easy collaboration among team members.
• Built-in SEO, security, and predesigned templates.
• Simple updates and blogging functionality included.
• Content scheduling for better planning. https://t.co/f6WyvnmJPl","en","Reply","Shubhampawar4841","Shubhampawar484","54","0","0","0","1","0","2024-05-18 01:47:30","https://x.com/Shubhampawar484/status/1791563718129582232","<a href=""https://mobile.twitter.com"" rel=""nofollow"">Twitter Web App</a>","","","photo","https://pbs.twimg.com/media/GNzpsZMbQAIpHJI.jpg"
"1791563184110744040","3. How to Use a CMS:

• No coding needed to create and edit content or customize design.
• Changes made through an intuitive dashboard.
• Publishing content is as simple as clicking a button. https://t.co/Shu2t5zy8K","en","Reply","Shubhampawar4841","Shubhampawar484","46","0","0","0","1","0","2024-05-18 01:45:23","https://x.com/Shubhampawar484/status/1791563184110744040","<a href=""https://mobile.twitter.com"" rel=""nofollow"">Twitter Web App</a>","","","photo","https://pbs.twimg.com/media/GNzpMUFakAAeexp.jpg"
"1791562880824860973","2. How a CMS Works:

• Consists of a Content Management Application (CMA) and Content Delivery Application (CDA).
• CMA: Create and edit content in a user-friendly interface. • CDA: Assembles content into code and displays it to visitors. https://t.co/5mz9tH6zZ1","en","Reply","Shubhampawar4841","Shubhampawar484","47","0","0","0","1","0","2024-05-18 01:44:11","https://x.com/Shubhampawar484/status/1791562880824860973","<a href=""https://mobile.twitter.com"" rel=""nofollow"">Twitter Web App</a>","","","photo","https://pbs.twimg.com/media/GNzo4mYbQAEsScD.jpg"
"1791562518680248807","What is a CMS?

• A CMS allows you to build and manage a website without coding. 
• You can create, edit, and publish content without technical knowledge. 
• It offers templates and extensions for design and functionality.

Here's More 👇 https://t.co/hd9TnNBk8M","en","Tweet","Shubhampawar4841","Shubhampawar484","91","4","0","0","0","0","2024-05-18 01:42:44","https://x.com/Shubhampawar484/status/1791562518680248807","<a href=""https://mobile.twitter.com"" rel=""nofollow"">Twitter Web App</a>","","","photo","https://pbs.twimg.com/media/GNzmMa2bQAEY5tn.jpg"
"1791511798149189879","#Day57 
#DSA=&gt; 🎯LeetCode : Delete Leaves with Given Value 
#Dev=&gt; Next-Js : Parallel Routes, Intercepting Routes, Route Handlers , Matched , UnMatched Routes.
Using ShadCn in Next Js : Got Familiar with Configuration ,  Button Component . https://t.co/gRAHOdeSUE","en","Tweet","Shubhampawar4841","Shubhampawar484","60","0","0","0","2","0","2024-05-17 22:21:12","https://x.com/Shubhampawar484/status/1791511798149189879","<a href=""https://mobile.twitter.com"" rel=""nofollow"">Twitter Web App</a>","#Day57, #DSA, #Dev","","photo","https://pbs.twimg.com/media/GNy5BalbwAAxwtR.png
https://pbs.twimg.com/media/GNy5BakbAAA6IpE.png
https://pbs.twimg.com/media/GNy5BahawAAkMIX.jpg
https://pbs.twimg.com/media/GNy5wltbcAAjBoP.jpg"
"1791149417820819551","#Day56 
#DSA=&gt; 🎯LeetCode : Evaluate Boolean Binary Tree #Dev=&gt; TypeScript Continued... https://t.co/lBf8fZml3P","en","Tweet","Shubhampawar4841","Shubhampawar484","42","0","0","0","0","0","2024-05-16 22:21:13","https://x.com/Shubhampawar484/status/1791149417820819551","<a href=""https://mobile.twitter.com"" rel=""nofollow"">Twitter Web App</a>","#Day56, #DSA, #Dev","","photo","https://pbs.twimg.com/media/GNtwm_na4AADW97.jpg
https://pbs.twimg.com/media/GNtwm_sbIAAgxS2.jpg
https://pbs.twimg.com/media/GNtwsBfbsAABDvU.png"
"1790426739669364919","#Day55 
#DSA=&gt; 🎯LeetCode : Path with Maximum Gold
#Dev=&gt; NEXT Js Auth - Middlewares https://t.co/FLVo6tFbLP","en","Tweet","Shubhampawar4841","Shubhampawar484","40","0","0","0","0","0","2024-05-14 22:29:33","https://x.com/Shubhampawar484/status/1790426739669364919","<a href=""https://mobile.twitter.com"" rel=""nofollow"">Twitter Web App</a>","#Day55, #DSA, #Dev","","photo","https://pbs.twimg.com/media/GNjfQjhacAADFrG.png
https://pbs.twimg.com/media/GNjfeG3awAA5mnf.jpg"
"1790090046336381207","#Day54 
#DSA=&gt; 🎯LeetCode : Repeated DNA Sequence , Minimum Size Subarray Sum.
#Dev =&gt; Explore Shadcn ui and  Continue with Next Js . https://t.co/81K9OQxXTn","en","Tweet","Shubhampawar4841","Shubhampawar484","59","0","0","0","0","0","2024-05-14 00:11:39","https://x.com/Shubhampawar484/status/1790090046336381207","<a href=""https://mobile.twitter.com"" rel=""nofollow"">Twitter Web App</a>","#Day54, #DSA, #Dev","","photo","https://pbs.twimg.com/media/GNes8KHXYAA3Ocv.png
https://pbs.twimg.com/media/GNes8KIWIAAzQ6P.jpg
https://pbs.twimg.com/media/GNes8KHX0AAZzQv.png
https://pbs.twimg.com/media/GNes8J9XsAEexhK.png"
"1789718809445573028","#Day53
#DSA=&gt; 🎯LeetCode : Largest Local Values in a Matrix.   #Dev =&gt; TypeScript and Next Js . https://t.co/dIRUCYuCro","en","Tweet","Shubhampawar4841","Shubhampawar484","45","0","0","0","2","0","2024-05-12 23:36:30","https://x.com/Shubhampawar484/status/1789718809445573028","<a href=""https://mobile.twitter.com"" rel=""nofollow"">Twitter Web App</a>","#Day53, #DSA, #Dev","","photo","https://pbs.twimg.com/media/GNZZiFXWYAE7zbV.png
https://pbs.twimg.com/media/GNZZiFfXgAAC_Mn.jpg
https://pbs.twimg.com/media/GNZbu1-XsAAYEOJ.jpg"
"1789353620435021906","#Day52 
#DSA=&gt; 🎯LeetCode : Check if Grid Satisfy the Condition.  
#Dev =&gt; TypeScript and Blog app firebase section. https://t.co/pTVtC5sdba","en","Tweet","Shubhampawar4841","Shubhampawar484","50","0","0","0","1","0","2024-05-11 23:25:22","https://x.com/Shubhampawar484/status/1789353620435021906","<a href=""https://mobile.twitter.com"" rel=""nofollow"">Twitter Web App</a>","#Day52, #DSA, #Dev","","photo","https://pbs.twimg.com/media/GNUMZGuWAAAQkgF.png
https://pbs.twimg.com/media/GNUMZG0X0AIJtoj.jpg
https://pbs.twimg.com/media/GNUMZGqXAAAPKh9.png"
"1788992928796533195","#Day51
 #DSA=&gt; 🎯LeetCode : Kth Smallest Prime Factor. 
#Dev =&gt; Google And Github Next Js Authentication. https://t.co/NS7VMFhQZs","en","Tweet","Shubhampawar4841","Shubhampawar484","68","0","0","0","0","0","2024-05-10 23:32:06","https://x.com/Shubhampawar484/status/1788992928796533195","<a href=""https://mobile.twitter.com"" rel=""nofollow"">Twitter Web App</a>","#Day51, #DSA, #Dev","","photo","https://pbs.twimg.com/media/GNPHJJDWYAADRtE.jpg
https://pbs.twimg.com/media/GNPHJI7XsAEDVXc.png
https://pbs.twimg.com/media/GNPHNrbXwAA_XFz.png"
"1788633071614619710","#Day50 
#DSA=&gt; 🎯LeetCode :Maximize Happiness of Selective Childrens.
#Dev =&gt; Next Js Blog app https://t.co/lbEr1zQjsW","en","Tweet","Shubhampawar4841","Shubhampawar484","49","0","0","0","0","0","2024-05-09 23:42:10","https://x.com/Shubhampawar484/status/1788633071614619710","<a href=""https://mobile.twitter.com"" rel=""nofollow"">Twitter Web App</a>","#Day50, #DSA, #Dev","","photo","https://pbs.twimg.com/media/GNKASrXXQAE2890.png
https://pbs.twimg.com/media/GNJ_89jWYAEe_G0.jpg"
"1788249687159443769","#Day49 
#DSA=&gt; 🎯LeetCode :Relative Ranks
#ComputerNetwork=&gt;Protocols, OSI Models , Transmission Media etc. https://t.co/bzXQ6vLsws","ca","Tweet","Shubhampawar4841","Shubhampawar484","53","0","0","0","1","0","2024-05-08 22:18:44","https://x.com/Shubhampawar484/status/1788249687159443769","<a href=""https://mobile.twitter.com"" rel=""nofollow"">Twitter Web App</a>","#Day49, #DSA, #ComputerNetwork","","photo","https://pbs.twimg.com/media/GNEjN3oXUAA6ZYQ.jpg
https://pbs.twimg.com/media/GNEjN4SXgAAMzHd.png
https://pbs.twimg.com/media/GNEjN3oWwAEi8Si.jpg
https://pbs.twimg.com/media/GNEjN3iX0AA6OP2.jpg"
"1787846630797914375","#Day48 
#DSA=&gt; 🎯LeetCode :Largest Substring Between Two Equal Characters , Double a Number Represented as a Linked List https://t.co/kxYTjc9RUM","en","Tweet","Shubhampawar4841","Shubhampawar484","50","0","0","0","2","0","2024-05-07 19:37:08","https://x.com/Shubhampawar484/status/1787846630797914375","<a href=""https://mobile.twitter.com"" rel=""nofollow"">Twitter Web App</a>","#Day48, #DSA","","photo","https://pbs.twimg.com/media/GM-0__bW4AADulj.png
https://pbs.twimg.com/media/GM-0__cWQAA2lEi.png"
"1787173836003156236","#Day47 
#DSA=&gt; 🎯LeetCode :Delete a Node from Linked List ,
Valid Word. https://t.co/dFmR3wHbGx","en","Tweet","Shubhampawar4841","Shubhampawar484","50","0","0","0","1","0","2024-05-05 23:03:41","https://x.com/Shubhampawar484/status/1787173836003156236","<a href=""https://mobile.twitter.com"" rel=""nofollow"">Twitter Web App</a>","#Day47, #DSA","","photo","https://pbs.twimg.com/media/GM1QshWXoAAKi3S.png
https://pbs.twimg.com/media/GM1QshdXkAAZscW.png"
